data,stato,codice_regione,denominazione_regione,lat,long,ricoverati_con_sintomi,terapia_intensiva,totale_ospedalizzati,isolamento_domiciliare,totale_attualmente_positivi,nuovi_attualmente_positivi,dimessi_guariti,dimessi_guariti_gg,deceduti,deceduti_gg,totale_casi,totale_casi_gg,tamponi,tamponi_gg
25/02/2020 18:00,ITA,13,Abruzzo,4.235.122.196,1.339.843.823,0,0,0,0,0,0,0,0,0,0,0,0,5,0
26/02/2020 18:00,ITA,13,Abruzzo,4.235.122.196,1.339.843.823,0,0,0,0,0,0,0,0,0,0,0,0,13,8
27/02/2020 18:00,ITA,13,Abruzzo,4.235.122.196,1.339.843.823,1,0,1,0,1,1,0,0,0,0,1,1,33,20
28/02/2020 18:00,ITA,13,Abruzzo,4.235.122.196,1.339.843.823,1,0,1,0,1,0,0,0,0,0,1,0,33,0
29/02/2020 17:00,ITA,13,Abruzzo,4.235.122.196,1.339.843.823,2,0,2,0,2,1,0,0,0,0,2,1,43,10
01/03/2020 17:00,ITA,13,Abruzzo,4.235.122.196,1.339.843.823,3,0,3,2,5,3,0,0,0,0,5,3,52,9
02/03/2020 18:00,ITA,13,Abruzzo,4.235.122.196,1.339.843.823,3,0,3,2,5,0,0,0,0,0,5,0,52,0
03/03/2020 18:00,ITA,13,Abruzzo,4.235.122.196,1.339.843.823,5,0,5,1,6,1,0,0,0,0,6,1,52,0
04/03/2020 17:00,ITA,13,Abruzzo,4.235.122.196,1.339.843.823,7,0,7,0,7,1,0,0,0,0,7,1,85,33
05/03/2020 17:00,ITA,13,Abruzzo,4.235.122.196,1.339.843.823,8,0,8,0,8,1,0,0,0,0,8,1,96,11
06/03/2020 17:00,ITA,13,Abruzzo,4.235.122.196,1.339.843.823,9,0,9,0,9,1,0,0,0,0,9,1,96,0
07/03/2020 18:00,ITA,13,Abruzzo,4.235.122.196,1.339.843.823,11,0,11,0,11,2,0,0,0,0,11,2,123,27
08/03/2020 18:00,ITA,13,Abruzzo,4.235.122.196,1.339.843.823,14,0,14,3,17,6,0,0,0,0,17,6,163,40
09/03/2020 18:00,ITA,13,Abruzzo,4.235.122.196,1.339.843.823,25,0,25,5,30,13,0,0,0,0,30,13,237,74
10/03/2020 18:00,ITA,13,Abruzzo,4.235.122.196,1.339.843.823,17,9,26,11,37,7,0,0,1,1,38,8,310,73
11/03/2020 17:00,ITA,13,Abruzzo,4.235.122.196,1.339.843.823,17,9,26,11,37,0,0,0,1,0,38,0,310,0
12/03/2020 17:00,ITA,13,Abruzzo,4.235.122.196,1.339.843.823,47,12,59,19,78,41,4,4,2,1,84,46,867,557
13/03/2020 17:00,ITA,13,Abruzzo,4.235.122.196,1.339.843.823,42,14,56,27,83,5,4,0,2,0,89,5,958,91
14/03/2020 17:00,ITA,13,Abruzzo,4.235.122.196,1.339.843.823,51,14,65,41,106,23,4,0,2,0,112,23,1232,274
15/03/2020 17:00,ITA,13,Abruzzo,4.235.122.196,1.339.843.823,72,28,100,28,128,22,6,2,3,1,137,25,1419,187
16/03/2020 17:00,ITA,13,Abruzzo,4.235.122.196,1.339.843.823,71,37,108,57,165,37,7,1,4,1,176,39,1533,114
17/03/2020 17:00,ITA,13,Abruzzo,4.235.122.196,1.339.843.823,94,32,126,90,216,51,7,0,6,2,229,53,1688,155
18/03/2020 17:00,ITA,13,Abruzzo,4.235.122.196,1.339.843.823,99,41,140,109,249,33,7,0,7,1,263,34,2054,366
19/03/2020 17:00,ITA,13,Abruzzo,4.235.122.196,1.339.843.823,181,47,228,138,366,117,8,1,11,4,385,122,2409,355
20/03/2020 17:00,ITA,13,Abruzzo,4.235.122.196,1.339.843.823,190,48,238,184,422,56,10,2,17,6,449,64,2695,286
21/03/2020 17:00,ITA,13,Abruzzo,4.235.122.196,1.339.843.823,185,44,229,265,494,72,13,3,22,5,529,80,3035,340
22/03/2020 17:00,ITA,13,Abruzzo,4.235.122.196,1.339.843.823,218,49,267,272,539,45,15,2,33,11,587,58,3375,340
23/03/2020 17:00,ITA,13,Abruzzo,4.235.122.196,1.339.843.823,228,52,280,325,605,66,20,5,38,5,663,76,3674,299
24/03/2020 17:00,ITA,13,Abruzzo,4.235.122.196,1.339.843.823,234,57,291,331,622,17,21,1,46,8,689,26,4294,620
25/02/2020 18:00,ITA,17,Basilicata,4.063.947.052,1.580.514.834,0,0,0,0,0,0,0,0,0,0,0,0,0,0
26/02/2020 18:00,ITA,17,Basilicata,4.063.947.052,1.580.514.834,0,0,0,0,0,0,0,0,0,0,0,0,0,0
27/02/2020 18:00,ITA,17,Basilicata,4.063.947.052,1.580.514.834,0,0,0,0,0,0,0,0,0,0,0,0,0,0
28/02/2020 18:00,ITA,17,Basilicata,4.063.947.052,1.580.514.834,0,0,0,0,0,0,0,0,0,0,0,0,0,0
29/02/2020 17:00,ITA,17,Basilicata,4.063.947.052,1.580.514.834,0,0,0,0,0,0,0,0,0,0,0,0,32,32
01/03/2020 17:00,ITA,17,Basilicata,4.063.947.052,1.580.514.834,0,0,0,0,0,0,0,0,0,0,0,0,39,7
02/03/2020 18:00,ITA,17,Basilicata,4.063.947.052,1.580.514.834,0,0,0,0,0,0,0,0,0,0,0,0,39,0
03/03/2020 18:00,ITA,17,Basilicata,4.063.947.052,1.580.514.834,0,0,0,1,1,1,0,0,0,0,1,1,42,3
04/03/2020 17:00,ITA,17,Basilicata,4.063.947.052,1.580.514.834,0,0,0,1,1,0,0,0,0,0,1,0,48,6
05/03/2020 17:00,ITA,17,Basilicata,4.063.947.052,1.580.514.834,0,0,0,1,1,0,0,0,0,0,1,0,54,6
06/03/2020 17:00,ITA,17,Basilicata,4.063.947.052,1.580.514.834,1,0,1,2,3,2,0,0,0,0,3,2,63,9
07/03/2020 18:00,ITA,17,Basilicata,4.063.947.052,1.580.514.834,1,0,1,2,3,0,0,0,0,0,3,0,75,12
08/03/2020 18:00,ITA,17,Basilicata,4.063.947.052,1.580.514.834,2,0,2,2,4,1,0,0,0,0,4,1,123,48
09/03/2020 18:00,ITA,17,Basilicata,4.063.947.052,1.580.514.834,2,0,2,3,5,1,0,0,0,0,5,1,135,12
10/03/2020 18:00,ITA,17,Basilicata,4.063.947.052,1.580.514.834,2,0,2,5,7,2,0,0,0,0,7,2,148,13
11/03/2020 17:00,ITA,17,Basilicata,4.063.947.052,1.580.514.834,1,1,2,6,8,1,0,0,0,0,8,1,155,7
12/03/2020 17:00,ITA,17,Basilicata,4.063.947.052,1.580.514.834,1,1,2,6,8,0,0,0,0,0,8,0,155,0
13/03/2020 17:00,ITA,17,Basilicata,4.063.947.052,1.580.514.834,1,1,2,8,10,2,0,0,0,0,10,2,155,0
14/03/2020 17:00,ITA,17,Basilicata,4.063.947.052,1.580.514.834,0,2,2,8,10,0,0,0,0,0,10,0,155,0
15/03/2020 17:00,ITA,17,Basilicata,4.063.947.052,1.580.514.834,0,2,2,9,11,1,0,0,0,0,11,1,208,53
16/03/2020 17:00,ITA,17,Basilicata,4.063.947.052,1.580.514.834,1,2,3,9,12,1,0,0,0,0,12,1,230,22
17/03/2020 17:00,ITA,17,Basilicata,4.063.947.052,1.580.514.834,5,2,7,13,20,8,0,0,0,0,20,8,262,32
18/03/2020 17:00,ITA,17,Basilicata,4.063.947.052,1.580.514.834,9,2,11,16,27,7,0,0,0,0,27,7,262,0
19/03/2020 17:00,ITA,17,Basilicata,4.063.947.052,1.580.514.834,8,5,13,24,37,10,0,0,0,0,37,10,353,91
20/03/2020 17:00,ITA,17,Basilicata,4.063.947.052,1.580.514.834,8,5,13,39,52,15,0,0,0,0,52,15,443,90
21/03/2020 17:00,ITA,17,Basilicata,4.063.947.052,1.580.514.834,12,7,19,47,66,14,0,0,0,0,66,14,522,79
22/03/2020 17:00,ITA,17,Basilicata,4.063.947.052,1.580.514.834,13,10,23,58,81,15,0,0,0,0,81,15,643,121
23/03/2020 17:00,ITA,17,Basilicata,4.063.947.052,1.580.514.834,15,12,27,62,89,8,0,0,1,1,90,9,696,53
24/03/2020 17:00,ITA,17,Basilicata,4.063.947.052,1.580.514.834,14,12,26,65,91,2,0,0,1,0,92,2,744,48
25/02/2020 18:00,ITA,4,P.A. Bolzano,4.649.933.453,1.135.662.422,1,0,1,0,1,1,0,0,0,0,1,1,1,0
26/02/2020 18:00,ITA,4,P.A. Bolzano,4.649.933.453,1.135.662.422,1,0,1,0,1,0,0,0,0,0,1,0,1,0
27/02/2020 18:00,ITA,4,P.A. Bolzano,4.649.933.453,1.135.662.422,1,0,1,0,1,0,0,0,0,0,1,0,2,1
28/02/2020 18:00,ITA,4,P.A. Bolzano,4.649.933.453,1.135.662.422,1,0,1,0,1,0,0,0,0,0,1,0,2,0
29/02/2020 17:00,ITA,4,P.A. Bolzano,4.649.933.453,1.135.662.422,1,0,1,0,1,0,0,0,0,0,1,0,16,14
01/03/2020 17:00,ITA,4,P.A. Bolzano,4.649.933.453,1.135.662.422,1,0,1,0,1,0,0,0,0,0,1,0,20,4
02/03/2020 18:00,ITA,4,P.A. Bolzano,4.649.933.453,1.135.662.422,1,0,1,0,1,0,0,0,0,0,1,0,20,0
03/03/2020 18:00,ITA,4,P.A. Bolzano,4.649.933.453,1.135.662.422,1,0,1,0,1,0,0,0,0,0,1,0,20,0
04/03/2020 17:00,ITA,4,P.A. Bolzano,4.649.933.453,1.135.662.422,1,0,1,0,1,0,0,0,0,0,1,0,20,0
05/03/2020 17:00,ITA,4,P.A. Bolzano,4.649.933.453,1.135.662.422,1,0,1,0,1,0,0,0,0,0,1,0,20,0
06/03/2020 17:00,ITA,4,P.A. Bolzano,4.649.933.453,1.135.662.422,4,0,4,0,4,3,0,0,0,0,4,3,36,16
07/03/2020 18:00,ITA,4,P.A. Bolzano,4.649.933.453,1.135.662.422,8,0,8,1,9,5,0,0,0,0,9,5,36,0
08/03/2020 18:00,ITA,4,P.A. Bolzano,4.649.933.453,1.135.662.422,8,0,8,1,9,0,0,0,0,0,9,0,36,0
09/03/2020 18:00,ITA,4,P.A. Bolzano,4.649.933.453,1.135.662.422,8,0,8,1,9,0,0,0,0,0,9,0,36,0
10/03/2020 18:00,ITA,4,P.A. Bolzano,4.649.933.453,1.135.662.422,17,1,18,20,38,29,0,0,0,0,38,29,36,0
11/03/2020 17:00,ITA,4,P.A. Bolzano,4.649.933.453,1.135.662.422,8,4,12,63,75,37,0,0,0,0,75,37,75,39
12/03/2020 17:00,ITA,4,P.A. Bolzano,4.649.933.453,1.135.662.422,21,4,25,78,103,28,0,0,1,1,104,29,607,532
13/03/2020 17:00,ITA,4,P.A. Bolzano,4.649.933.453,1.135.662.422,20,5,25,98,123,20,0,0,2,1,125,21,811,204
14/03/2020 17:00,ITA,4,P.A. Bolzano,4.649.933.453,1.135.662.422,26,7,33,137,170,47,0,0,3,1,173,48,1135,324
15/03/2020 17:00,ITA,4,P.A. Bolzano,4.649.933.453,1.135.662.422,50,4,54,145,199,29,0,0,5,2,204,31,1497,362
16/03/2020 17:00,ITA,4,P.A. Bolzano,4.649.933.453,1.135.662.422,53,11,64,171,235,36,0,0,6,1,241,37,1740,243
17/03/2020 17:00,ITA,4,P.A. Bolzano,4.649.933.453,1.135.662.422,71,11,82,200,282,47,1,1,8,2,291,50,2149,409
18/03/2020 17:00,ITA,4,P.A. Bolzano,4.649.933.453,1.135.662.422,79,18,97,269,366,84,1,0,9,1,376,85,2844,695
19/03/2020 17:00,ITA,4,P.A. Bolzano,4.649.933.453,1.135.662.422,87,18,105,316,421,55,1,0,14,5,436,60,3568,724
20/03/2020 17:00,ITA,4,P.A. Bolzano,4.649.933.453,1.135.662.422,99,24,123,407,530,109,1,0,17,3,548,112,4433,865
21/03/2020 17:00,ITA,4,P.A. Bolzano,4.649.933.453,1.135.662.422,127,30,157,443,600,70,1,0,20,3,621,73,5179,746
22/03/2020 17:00,ITA,4,P.A. Bolzano,4.649.933.453,1.135.662.422,146,32,178,470,648,48,7,6,23,3,678,57,5718,539
23/03/2020 17:00,ITA,4,P.A. Bolzano,4.649.933.453,1.135.662.422,145,33,178,510,688,40,7,0,29,6,724,46,6084,366
24/03/2020 17:00,ITA,4,P.A. Bolzano,4.649.933.453,1.135.662.422,166,38,204,495,699,11,44,37,38,9,781,57,6509,425
25/02/2020 18:00,ITA,18,Calabria,3.890.597.598,1.659.440.194,0,0,0,0,0,0,0,0,0,0,0,0,2,1
26/02/2020 18:00,ITA,18,Calabria,3.890.597.598,1.659.440.194,0,0,0,0,0,0,0,0,0,0,0,0,3,1
27/02/2020 18:00,ITA,18,Calabria,3.890.597.598,1.659.440.194,0,0,0,0,0,0,0,0,0,0,0,0,14,11
28/02/2020 18:00,ITA,18,Calabria,3.890.597.598,1.659.440.194,0,0,0,1,1,1,0,0,0,0,1,1,21,7
29/02/2020 17:00,ITA,18,Calabria,3.890.597.598,1.659.440.194,0,0,0,1,1,0,0,0,0,0,1,0,27,6
01/03/2020 17:00,ITA,18,Calabria,3.890.597.598,1.659.440.194,0,0,0,1,1,0,0,0,0,0,1,0,35,8
02/03/2020 18:00,ITA,18,Calabria,3.890.597.598,1.659.440.194,0,0,0,1,1,0,0,0,0,0,1,0,39,4
03/03/2020 18:00,ITA,18,Calabria,3.890.597.598,1.659.440.194,0,0,0,1,1,0,0,0,0,0,1,0,39,0
04/03/2020 17:00,ITA,18,Calabria,3.890.597.598,1.659.440.194,0,0,0,1,1,0,0,0,0,0,1,0,46,7
05/03/2020 17:00,ITA,18,Calabria,3.890.597.598,1.659.440.194,1,0,1,1,2,1,0,0,0,0,2,1,53,7
06/03/2020 17:00,ITA,18,Calabria,3.890.597.598,1.659.440.194,2,0,2,2,4,2,0,0,0,0,4,2,99,46
07/03/2020 18:00,ITA,18,Calabria,3.890.597.598,1.659.440.194,2,0,2,2,4,0,0,0,0,0,4,0,113,14
08/03/2020 18:00,ITA,18,Calabria,3.890.597.598,1.659.440.194,5,0,5,4,9,5,0,0,0,0,9,5,113,0
09/03/2020 18:00,ITA,18,Calabria,3.890.597.598,1.659.440.194,8,0,8,1,9,0,2,2,0,0,11,2,173,60
10/03/2020 18:00,ITA,18,Calabria,3.890.597.598,1.659.440.194,8,2,10,1,11,2,2,0,0,0,13,2,360,187
11/03/2020 17:00,ITA,18,Calabria,3.890.597.598,1.659.440.194,10,2,12,5,17,6,2,0,0,0,19,6,405,45
12/03/2020 17:00,ITA,18,Calabria,3.890.597.598,1.659.440.194,14,2,16,16,32,15,1,-1,0,0,33,14,483,78
13/03/2020 17:00,ITA,18,Calabria,3.890.597.598,1.659.440.194,18,3,21,16,37,5,1,0,0,0,38,5,504,21
14/03/2020 17:00,ITA,18,Calabria,3.890.597.598,1.659.440.194,22,4,26,33,59,22,1,0,0,0,60,22,711,207
15/03/2020 17:00,ITA,18,Calabria,3.890.597.598,1.659.440.194,32,6,38,28,66,7,1,0,1,1,68,8,884,173
16/03/2020 17:00,ITA,18,Calabria,3.890.597.598,1.659.440.194,36,7,43,44,87,21,1,0,1,0,89,21,1030,146
17/03/2020 17:00,ITA,18,Calabria,3.890.597.598,1.659.440.194,45,10,55,57,112,25,1,0,1,0,114,25,1293,263
18/03/2020 17:00,ITA,18,Calabria,3.890.597.598,1.659.440.194,45,11,56,70,126,14,2,1,1,0,129,15,1668,375
19/03/2020 17:00,ITA,18,Calabria,3.890.597.598,1.659.440.194,60,13,73,91,164,38,2,0,3,2,169,40,2342,674
20/03/2020 17:00,ITA,18,Calabria,3.890.597.598,1.659.440.194,71,16,87,114,201,37,2,0,4,1,207,38,2690,348
21/03/2020 17:00,ITA,18,Calabria,3.890.597.598,1.659.440.194,73,16,89,136,225,24,5,3,5,1,235,28,3050,360
22/03/2020 17:00,ITA,18,Calabria,3.890.597.598,1.659.440.194,77,17,94,166,260,35,5,0,8,3,273,38,3666,616
23/03/2020 17:00,ITA,18,Calabria,3.890.597.598,1.659.440.194,82,20,102,178,280,20,5,0,7,-1,292,19,4073,407
24/03/2020 17:00,ITA,18,Calabria,3.890.597.598,1.659.440.194,88,21,109,195,304,24,5,0,10,3,319,27,4486,413
25/02/2020 18:00,ITA,15,Campania,4.083.956.555,1.425.084.984,0,0,0,0,0,0,0,0,0,0,0,0,10,0
26/02/2020 18:00,ITA,15,Campania,4.083.956.555,1.425.084.984,0,0,0,0,0,0,0,0,0,0,0,0,10,0
27/02/2020 18:00,ITA,15,Campania,4.083.956.555,1.425.084.984,2,0,2,1,3,3,0,0,0,0,3,3,10,0
28/02/2020 18:00,ITA,15,Campania,4.083.956.555,1.425.084.984,2,0,2,2,4,1,0,0,0,0,4,1,213,203
29/02/2020 17:00,ITA,15,Campania,4.083.956.555,1.425.084.984,3,0,3,10,13,9,0,0,0,0,13,9,373,160
01/03/2020 17:00,ITA,15,Campania,4.083.956.555,1.425.084.984,4,0,4,13,17,4,0,0,0,0,17,4,373,0
02/03/2020 18:00,ITA,15,Campania,4.083.956.555,1.425.084.984,4,0,4,13,17,0,0,0,0,0,17,0,373,0
03/03/2020 18:00,ITA,15,Campania,4.083.956.555,1.425.084.984,11,0,11,19,30,13,0,0,0,0,30,13,405,32
04/03/2020 17:00,ITA,15,Campania,4.083.956.555,1.425.084.984,11,0,11,20,31,1,0,0,0,0,31,1,429,24
05/03/2020 17:00,ITA,15,Campania,4.083.956.555,1.425.084.984,12,0,12,33,45,14,0,0,0,0,45,14,471,42
06/03/2020 17:00,ITA,15,Campania,4.083.956.555,1.425.084.984,12,0,12,45,57,12,0,0,0,0,57,12,471,0
07/03/2020 18:00,ITA,15,Campania,4.083.956.555,1.425.084.984,16,0,16,45,61,4,0,0,0,0,61,4,612,141
08/03/2020 18:00,ITA,15,Campania,4.083.956.555,1.425.084.984,30,7,37,63,100,39,1,1,0,0,101,40,980,368
09/03/2020 18:00,ITA,15,Campania,4.083.956.555,1.425.084.984,42,8,50,69,119,19,1,0,0,0,120,19,980,0
10/03/2020 18:00,ITA,15,Campania,4.083.956.555,1.425.084.984,33,8,41,85,126,7,1,0,0,0,127,7,1141,161
11/03/2020 17:00,ITA,15,Campania,4.083.956.555,1.425.084.984,56,11,67,82,149,23,4,3,1,1,154,27,1375,234
12/03/2020 17:00,ITA,15,Campania,4.083.956.555,1.425.084.984,56,11,67,107,174,25,4,0,1,0,179,25,1551,176
13/03/2020 17:00,ITA,15,Campania,4.083.956.555,1.425.084.984,60,19,79,134,213,39,5,1,2,1,220,41,1671,120
14/03/2020 17:00,ITA,15,Campania,4.083.956.555,1.425.084.984,72,17,89,154,243,30,23,18,6,4,272,52,1936,265
15/03/2020 17:00,ITA,15,Campania,4.083.956.555,1.425.084.984,73,22,95,201,296,53,28,5,9,3,333,61,2213,277
16/03/2020 17:00,ITA,15,Campania,4.083.956.555,1.425.084.984,103,22,125,238,363,67,28,0,9,0,400,67,2517,304
17/03/2020 17:00,ITA,15,Campania,4.083.956.555,1.425.084.984,127,24,151,272,423,60,28,0,9,0,460,60,2685,168
18/03/2020 17:00,ITA,15,Campania,4.083.956.555,1.425.084.984,127,24,151,272,423,0,28,0,9,0,460,0,2685,0
19/03/2020 17:00,ITA,15,Campania,4.083.956.555,1.425.084.984,213,36,249,356,605,182,30,2,17,8,652,192,3544,859
20/03/2020 17:00,ITA,15,Campania,4.083.956.555,1.425.084.984,130,41,171,531,702,97,30,0,17,0,749,97,3845,301
21/03/2020 17:00,ITA,15,Campania,4.083.956.555,1.425.084.984,233,87,320,473,793,91,29,-1,22,5,844,95,4448,603
22/03/2020 17:00,ITA,15,Campania,4.083.956.555,1.425.084.984,243,99,342,524,866,73,41,12,29,7,936,92,4943,495
23/03/2020 17:00,ITA,15,Campania,4.083.956.555,1.425.084.984,266,110,376,553,929,63,48,7,49,20,1026,90,5813,870
24/03/2020 17:00,ITA,15,Campania,4.083.956.555,1.425.084.984,345,181,526,466,992,63,53,5,56,7,1101,75,6297,484
25/02/2020 18:00,ITA,8,Emilia Romagna,4.449.436.681,11.341.720.800.000.000,15,2,17,9,26,8,0,0,0,0,26,8,391,243
26/02/2020 18:00,ITA,8,Emilia Romagna,4.449.436.681,11.341.720.800.000.000,20,3,23,23,46,20,0,0,1,1,47,21,577,186
27/02/2020 18:00,ITA,8,Emilia Romagna,4.449.436.681,11.341.720.800.000.000,36,6,42,54,96,50,0,0,1,0,97,50,1033,456
28/02/2020 18:00,ITA,8,Emilia Romagna,4.449.436.681,11.341.720.800.000.000,56,6,62,81,143,47,0,0,2,1,145,48,1277,244
29/02/2020 17:00,ITA,8,Emilia Romagna,4.449.436.681,11.341.720.800.000.000,86,11,97,116,213,70,0,0,4,2,217,72,1550,273
01/03/2020 17:00,ITA,8,Emilia Romagna,4.449.436.681,11.341.720.800.000.000,127,13,140,137,277,64,0,0,8,4,285,68,1795,245
02/03/2020 18:00,ITA,8,Emilia Romagna,4.449.436.681,11.341.720.800.000.000,148,16,164,160,324,47,0,0,11,3,335,50,1973,178
03/03/2020 18:00,ITA,8,Emilia Romagna,4.449.436.681,11.341.720.800.000.000,187,24,211,187,398,74,4,4,18,7,420,85,2012,39
04/03/2020 17:00,ITA,8,Emilia Romagna,4.449.436.681,11.341.720.800.000.000,256,26,282,234,516,118,6,2,22,4,544,124,2500,488
05/03/2020 17:00,ITA,8,Emilia Romagna,4.449.436.681,11.341.720.800.000.000,327,32,359,299,658,142,10,4,30,8,698,154,2884,384
06/03/2020 17:00,ITA,8,Emilia Romagna,4.449.436.681,11.341.720.800.000.000,397,53,450,366,816,158,17,7,37,7,870,172,3136,252
07/03/2020 18:00,ITA,8,Emilia Romagna,4.449.436.681,11.341.720.800.000.000,464,64,528,409,937,121,25,8,48,11,1010,140,3604,468
08/03/2020 18:00,ITA,8,Emilia Romagna,4.449.436.681,11.341.720.800.000.000,542,75,617,480,1097,160,27,2,56,8,1180,170,4344,740
09/03/2020 18:00,ITA,8,Emilia Romagna,4.449.436.681,11.341.720.800.000.000,576,90,666,620,1286,189,30,3,70,14,1386,206,4906,562
10/03/2020 18:00,ITA,8,Emilia Romagna,4.449.436.681,11.341.720.800.000.000,669,98,767,650,1417,131,31,1,85,15,1533,147,5494,588
11/03/2020 17:00,ITA,8,Emilia Romagna,4.449.436.681,11.341.720.800.000.000,745,104,849,739,1588,171,38,7,113,28,1739,206,6640,1146
12/03/2020 17:00,ITA,8,Emilia Romagna,4.449.436.681,11.341.720.800.000.000,814,112,926,832,1758,170,43,5,146,33,1947,208,7600,960
13/03/2020 17:00,ITA,8,Emilia Romagna,4.449.436.681,11.341.720.800.000.000,942,128,1070,941,2011,253,51,8,201,55,2263,316,8787,1187
14/03/2020 17:00,ITA,8,Emilia Romagna,4.449.436.681,11.341.720.800.000.000,1076,152,1228,1121,2349,338,54,3,241,40,2644,381,10043,1256
15/03/2020 17:00,ITA,8,Emilia Romagna,4.449.436.681,11.341.720.800.000.000,1215,169,1384,1357,2741,392,68,14,284,43,3093,449,12054,2011
16/03/2020 17:00,ITA,8,Emilia Romagna,4.449.436.681,11.341.720.800.000.000,1362,197,1559,1529,3088,347,88,20,346,62,3522,429,13096,1042
17/03/2020 17:00,ITA,8,Emilia Romagna,4.449.436.681,11.341.720.800.000.000,1566,223,1789,1615,3404,316,134,46,393,47,3931,409,14510,1414
18/03/2020 17:00,ITA,8,Emilia Romagna,4.449.436.681,11.341.720.800.000.000,1784,247,2031,1884,3915,511,152,18,458,65,4525,594,15461,951
19/03/2020 17:00,ITA,8,Emilia Romagna,4.449.436.681,11.341.720.800.000.000,1900,260,2160,2346,4506,591,177,25,531,73,5214,689,18344,2883
20/03/2020 17:00,ITA,8,Emilia Romagna,4.449.436.681,11.341.720.800.000.000,2083,267,2350,2739,5089,583,239,62,640,109,5968,754,20753,2409
21/03/2020 17:00,ITA,8,Emilia Romagna,4.449.436.681,11.341.720.800.000.000,2267,265,2532,3129,5661,572,329,90,715,75,6705,737,24620,3867
22/03/2020 17:00,ITA,8,Emilia Romagna,4.449.436.681,11.341.720.800.000.000,2429,269,2698,3692,6390,729,349,20,816,101,7555,850,28022,3402
23/03/2020 17:00,ITA,8,Emilia Romagna,4.449.436.681,11.341.720.800.000.000,2846,276,3122,4098,7220,830,423,74,892,76,8535,980,31200,3178
24/03/2020 17:00,ITA,8,Emilia Romagna,4.449.436.681,11.341.720.800.000.000,2974,291,3265,4446,7711,491,558,135,985,93,9254,719,33527,2327
25/02/2020 18:00,ITA,6,Friuli Venezia Giulia,456.494.354,1.376.813.649,0,0,0,0,0,0,0,0,0,0,0,0,89,31
26/02/2020 18:00,ITA,6,Friuli Venezia Giulia,456.494.354,1.376.813.649,0,0,0,0,0,0,0,0,0,0,0,0,114,25
27/02/2020 18:00,ITA,6,Friuli Venezia Giulia,456.494.354,1.376.813.649,0,0,0,0,0,0,0,0,0,0,0,0,141,27
28/02/2020 18:00,ITA,6,Friuli Venezia Giulia,456.494.354,1.376.813.649,0,0,0,0,0,0,0,0,0,0,0,0,169,28
29/02/2020 17:00,ITA,6,Friuli Venezia Giulia,456.494.354,1.376.813.649,0,0,0,0,0,0,0,0,0,0,0,0,189,20
01/03/2020 17:00,ITA,6,Friuli Venezia Giulia,456.494.354,1.376.813.649,0,0,0,6,6,6,0,0,0,0,6,6,243,54
02/03/2020 18:00,ITA,6,Friuli Venezia Giulia,456.494.354,1.376.813.649,0,0,0,9,9,3,0,0,0,0,9,3,269,26
03/03/2020 18:00,ITA,6,Friuli Venezia Giulia,456.494.354,1.376.813.649,1,0,1,12,13,4,0,0,0,0,13,4,354,85
04/03/2020 17:00,ITA,6,Friuli Venezia Giulia,456.494.354,1.376.813.649,3,0,3,15,18,5,0,0,0,0,18,5,376,22
05/03/2020 17:00,ITA,6,Friuli Venezia Giulia,456.494.354,1.376.813.649,4,0,4,17,21,3,0,0,0,0,21,3,397,21
06/03/2020 17:00,ITA,6,Friuli Venezia Giulia,456.494.354,1.376.813.649,4,0,4,24,28,7,3,3,0,0,31,10,577,180
07/03/2020 18:00,ITA,6,Friuli Venezia Giulia,456.494.354,1.376.813.649,7,1,8,31,39,11,3,0,0,0,42,11,577,0
08/03/2020 18:00,ITA,6,Friuli Venezia Giulia,456.494.354,1.376.813.649,7,1,8,45,53,14,3,0,1,1,57,15,997,420
09/03/2020 18:00,ITA,6,Friuli Venezia Giulia,456.494.354,1.376.813.649,18,1,19,70,89,36,3,0,1,0,93,36,1344,347
10/03/2020 18:00,ITA,6,Friuli Venezia Giulia,456.494.354,1.376.813.649,27,6,33,77,110,21,3,0,3,2,116,23,1602,258
11/03/2020 17:00,ITA,6,Friuli Venezia Giulia,456.494.354,1.376.813.649,16,5,21,89,110,0,10,7,6,3,126,10,2073,471
12/03/2020 17:00,ITA,6,Friuli Venezia Giulia,456.494.354,1.376.813.649,23,10,33,115,148,38,11,1,8,2,167,41,2604,531
13/03/2020 17:00,ITA,6,Friuli Venezia Giulia,456.494.354,1.376.813.649,59,8,67,169,236,88,11,0,10,2,257,90,3149,545
14/03/2020 17:00,ITA,6,Friuli Venezia Giulia,456.494.354,1.376.813.649,67,11,78,193,271,35,17,6,13,3,301,44,3376,227
15/03/2020 17:00,ITA,6,Friuli Venezia Giulia,456.494.354,1.376.813.649,98,12,110,206,316,45,17,0,14,1,347,46,3407,31
16/03/2020 17:00,ITA,6,Friuli Venezia Giulia,456.494.354,1.376.813.649,96,19,115,231,346,30,18,1,22,8,386,39,4851,1444
17/03/2020 17:00,ITA,6,Friuli Venezia Giulia,456.494.354,1.376.813.649,104,21,125,222,347,1,17,-1,30,8,394,8,4958,107
18/03/2020 17:00,ITA,6,Friuli Venezia Giulia,456.494.354,1.376.813.649,128,27,155,261,416,69,15,-2,31,1,462,68,4958,0
19/03/2020 17:00,ITA,6,Friuli Venezia Giulia,456.494.354,1.376.813.649,134,29,163,359,522,106,41,26,36,5,599,137,4052,-906
20/03/2020 17:00,ITA,6,Friuli Venezia Giulia,456.494.354,1.376.813.649,143,32,175,380,555,33,63,22,38,2,656,57,4964,912
21/03/2020 17:00,ITA,6,Friuli Venezia Giulia,456.494.354,1.376.813.649,152,37,189,477,666,111,82,19,42,4,790,134,5955,991
22/03/2020 17:00,ITA,6,Friuli Venezia Giulia,456.494.354,1.376.813.649,163,47,210,528,738,72,89,7,47,5,874,84,6761,806
23/03/2020 17:00,ITA,6,Friuli Venezia Giulia,456.494.354,1.376.813.649,185,41,226,545,771,33,105,16,54,7,930,56,7424,663
24/03/2020 17:00,ITA,6,Friuli Venezia Giulia,456.494.354,1.376.813.649,195,49,244,604,848,77,80,-25,64,10,992,62,8526,1102
25/02/2020 18:00,ITA,12,Lazio,4.189.277.044,1.248.366.722,1,1,2,0,2,0,1,0,0,0,3,0,124,0
26/02/2020 18:00,ITA,12,Lazio,4.189.277.044,1.248.366.722,0,0,0,0,0,-2,3,2,0,0,3,0,124,0
27/02/2020 18:00,ITA,12,Lazio,4.189.277.044,1.248.366.722,0,0,0,0,0,0,3,0,0,0,3,0,552,428
28/02/2020 18:00,ITA,12,Lazio,4.189.277.044,1.248.366.722,0,0,0,0,0,0,3,0,0,0,3,0,611,59
29/02/2020 17:00,ITA,12,Lazio,4.189.277.044,1.248.366.722,3,0,3,0,3,3,3,0,0,0,6,3,679,68
01/03/2020 17:00,ITA,12,Lazio,4.189.277.044,1.248.366.722,3,0,3,0,3,0,3,0,0,0,6,0,724,45
02/03/2020 18:00,ITA,12,Lazio,4.189.277.044,1.248.366.722,3,0,3,1,4,1,3,0,0,0,7,1,773,49
03/03/2020 18:00,ITA,12,Lazio,4.189.277.044,1.248.366.722,10,0,10,1,11,7,3,0,0,0,14,7,877,104
04/03/2020 17:00,ITA,12,Lazio,4.189.277.044,1.248.366.722,15,3,18,9,27,16,3,0,0,0,30,16,995,118
05/03/2020 17:00,ITA,12,Lazio,4.189.277.044,1.248.366.722,20,7,27,14,41,14,3,0,0,0,44,14,1175,180
06/03/2020 17:00,ITA,12,Lazio,4.189.277.044,1.248.366.722,26,8,34,16,50,9,3,0,1,1,54,10,1373,198
07/03/2020 18:00,ITA,12,Lazio,4.189.277.044,1.248.366.722,43,8,51,21,72,22,3,0,1,0,76,22,1582,209
08/03/2020 18:00,ITA,12,Lazio,4.189.277.044,1.248.366.722,47,8,55,26,81,9,3,0,3,2,87,11,1929,347
09/03/2020 18:00,ITA,12,Lazio,4.189.277.044,1.248.366.722,55,8,63,31,94,13,3,0,5,2,102,15,1929,0
10/03/2020 18:00,ITA,12,Lazio,4.189.277.044,1.248.366.722,50,15,65,34,99,5,11,8,6,1,116,14,3591,1662
11/03/2020 17:00,ITA,12,Lazio,4.189.277.044,1.248.366.722,67,18,85,40,125,26,19,8,6,0,150,34,3591,0
12/03/2020 17:00,ITA,12,Lazio,4.189.277.044,1.248.366.722,85,20,105,67,172,47,19,0,9,3,200,50,5592,2001
13/03/2020 17:00,ITA,12,Lazio,4.189.277.044,1.248.366.722,122,24,146,96,242,70,24,5,11,2,277,77,6491,899
14/03/2020 17:00,ITA,12,Lazio,4.189.277.044,1.248.366.722,181,25,206,114,320,78,24,0,13,2,357,80,7335,844
15/03/2020 17:00,ITA,12,Lazio,4.189.277.044,1.248.366.722,223,31,254,142,396,76,24,0,16,3,436,79,8345,1010
16/03/2020 17:00,ITA,12,Lazio,4.189.277.044,1.248.366.722,267,31,298,174,472,76,32,8,19,3,523,87,9330,985
17/03/2020 17:00,ITA,12,Lazio,4.189.277.044,1.248.366.722,314,44,358,192,550,78,34,2,23,4,607,84,9436,106
18/03/2020 17:00,ITA,12,Lazio,4.189.277.044,1.248.366.722,374,44,418,232,650,100,42,8,32,9,724,117,11145,1709
19/03/2020 17:00,ITA,12,Lazio,4.189.277.044,1.248.366.722,426,45,471,270,741,91,44,2,38,6,823,99,11145,0
20/03/2020 17:00,ITA,12,Lazio,4.189.277.044,1.248.366.722,537,47,584,328,912,171,53,9,43,5,1008,185,13889,2744
21/03/2020 17:00,ITA,12,Lazio,4.189.277.044,1.248.366.722,591,70,661,425,1086,174,54,1,50,7,1190,182,13889,0
22/03/2020 17:00,ITA,12,Lazio,4.189.277.044,1.248.366.722,671,79,750,522,1272,186,58,4,53,3,1383,193,17845,3956
23/03/2020 17:00,ITA,12,Lazio,4.189.277.044,1.248.366.722,718,96,814,600,1414,142,63,5,63,10,1540,157,18371,526
24/03/2020 17:00,ITA,12,Lazio,4.189.277.044,1.248.366.722,747,94,841,704,1545,131,103,40,80,17,1728,188,18371,0
25/02/2020 18:00,ITA,7,Liguria,4.441.149.315,89.326.992,1,0,1,0,1,1,0,0,0,0,1,1,39,38
26/02/2020 18:00,ITA,7,Liguria,4.441.149.315,89.326.992,6,0,6,5,11,10,0,0,0,0,11,10,66,27
27/02/2020 18:00,ITA,7,Liguria,4.441.149.315,89.326.992,9,0,9,10,19,8,0,0,0,0,19,8,78,12
28/02/2020 18:00,ITA,7,Liguria,4.441.149.315,89.326.992,9,0,9,10,19,0,0,0,0,0,19,0,112,34
29/02/2020 17:00,ITA,7,Liguria,4.441.149.315,89.326.992,4,1,5,33,38,19,4,4,0,0,42,23,121,9
01/03/2020 17:00,ITA,7,Liguria,4.441.149.315,89.326.992,12,1,13,8,21,-17,4,0,0,0,25,-17,121,0
02/03/2020 18:00,ITA,7,Liguria,4.441.149.315,89.326.992,12,1,13,5,18,-3,4,0,0,0,22,-3,121,0
03/03/2020 18:00,ITA,7,Liguria,4.441.149.315,89.326.992,12,2,14,5,19,1,4,0,1,1,24,2,121,0
04/03/2020 17:00,ITA,7,Liguria,4.441.149.315,89.326.992,10,3,13,8,21,2,4,0,1,0,26,2,133,12
05/03/2020 17:00,ITA,7,Liguria,4.441.149.315,89.326.992,11,3,14,7,21,0,4,0,3,2,28,2,146,13
06/03/2020 17:00,ITA,7,Liguria,4.441.149.315,89.326.992,12,5,17,7,24,3,5,1,3,0,32,4,229,83
07/03/2020 18:00,ITA,7,Liguria,4.441.149.315,89.326.992,26,6,32,10,42,18,5,0,4,1,51,19,331,102
08/03/2020 18:00,ITA,7,Liguria,4.441.149.315,89.326.992,39,11,50,17,67,25,5,0,6,2,78,27,401,70
09/03/2020 18:00,ITA,7,Liguria,4.441.149.315,89.326.992,60,17,77,20,97,30,5,0,7,1,109,31,611,210
10/03/2020 18:00,ITA,7,Liguria,4.441.149.315,89.326.992,57,29,86,42,128,31,5,0,8,1,141,32,694,83
11/03/2020 17:00,ITA,7,Liguria,4.441.149.315,89.326.992,74,34,108,73,181,53,5,0,8,0,194,53,1025,331
12/03/2020 17:00,ITA,7,Liguria,4.441.149.315,89.326.992,100,36,136,107,243,62,20,15,11,3,274,80,1174,149
13/03/2020 17:00,ITA,7,Liguria,4.441.149.315,89.326.992,128,44,172,132,304,61,24,4,17,6,345,71,1442,268
14/03/2020 17:00,ITA,7,Liguria,4.441.149.315,89.326.992,213,62,275,109,384,80,52,28,27,10,463,118,1750,308
15/03/2020 17:00,ITA,7,Liguria,4.441.149.315,89.326.992,253,66,319,174,493,109,33,-19,33,6,559,96,1973,223
16/03/2020 17:00,ITA,7,Liguria,4.441.149.315,89.326.992,255,73,328,247,575,82,42,9,50,17,667,108,2189,216
17/03/2020 17:00,ITA,7,Liguria,4.441.149.315,89.326.992,299,85,384,277,661,86,57,15,60,10,778,111,2509,320
18/03/2020 17:00,ITA,7,Liguria,4.441.149.315,89.326.992,401,100,501,243,744,83,70,13,73,13,887,109,2912,403
19/03/2020 17:00,ITA,7,Liguria,4.441.149.315,89.326.992,491,112,603,280,883,139,85,15,91,18,1059,172,3348,436
20/03/2020 17:00,ITA,7,Liguria,4.441.149.315,89.326.992,573,121,694,307,1001,118,101,16,119,28,1221,162,3794,446
21/03/2020 17:00,ITA,7,Liguria,4.441.149.315,89.326.992,598,129,727,432,1159,158,125,24,152,33,1436,215,4304,510
22/03/2020 17:00,ITA,7,Liguria,4.441.149.315,89.326.992,736,132,868,483,1351,192,143,18,171,19,1665,229,4995,691
23/03/2020 17:00,ITA,7,Liguria,4.441.149.315,89.326.992,761,133,894,659,1553,202,159,16,212,41,1924,259,5538,543
24/03/2020 17:00,ITA,7,Liguria,4.441.149.315,89.326.992,803,147,950,742,1692,139,193,34,231,19,2116,192,5992,454
25/02/2020 18:00,ITA,3,Lombardia,4.546.679.409,9.190.347.404,79,25,104,127,231,65,0,0,9,3,240,68,3700,2237
26/02/2020 18:00,ITA,3,Lombardia,4.546.679.409,9.190.347.404,79,25,104,145,249,18,0,0,9,0,258,18,3208,-492
27/02/2020 18:00,ITA,3,Lombardia,4.546.679.409,9.190.347.404,172,41,213,136,349,100,40,40,14,5,403,145,3320,112
28/02/2020 18:00,ITA,3,Lombardia,4.546.679.409,9.190.347.404,235,47,282,192,474,125,40,0,17,3,531,128,4835,1515
29/02/2020 17:00,ITA,3,Lombardia,4.546.679.409,9.190.347.404,256,80,336,216,552,78,40,0,23,6,615,84,5723,888
01/03/2020 17:00,ITA,3,Lombardia,4.546.679.409,9.190.347.404,406,106,512,375,887,335,73,33,24,1,984,369,6879,1156
02/03/2020 18:00,ITA,3,Lombardia,4.546.679.409,9.190.347.404,478,127,605,472,1077,190,139,66,38,14,1254,270,7925,1046
03/03/2020 18:00,ITA,3,Lombardia,4.546.679.409,9.190.347.404,698,167,865,461,1326,249,139,0,55,17,1520,266,9577,1652
04/03/2020 17:00,ITA,3,Lombardia,4.546.679.409,9.190.347.404,877,209,1086,411,1497,171,250,111,73,18,1820,300,12138,2561
05/03/2020 17:00,ITA,3,Lombardia,4.546.679.409,9.190.347.404,1169,244,1413,364,1777,280,376,126,98,25,2251,431,12354,216
06/03/2020 17:00,ITA,3,Lombardia,4.546.679.409,9.190.347.404,1622,309,1931,77,2008,231,469,93,135,37,2612,361,13556,1202
07/03/2020 18:00,ITA,3,Lombardia,4.546.679.409,9.190.347.404,1661,359,2020,722,2742,734,524,55,154,19,3420,808,15778,2222
08/03/2020 18:00,ITA,3,Lombardia,4.546.679.409,9.190.347.404,2217,399,2616,756,3372,630,550,26,267,113,4189,769,18534,2756
09/03/2020 18:00,ITA,3,Lombardia,4.546.679.409,9.190.347.404,2802,440,3242,1248,4490,1118,646,96,333,66,5469,1280,20135,1601
10/03/2020 18:00,ITA,3,Lombardia,4.546.679.409,9.190.347.404,3319,466,3785,642,4427,-63,896,250,468,135,5791,322,21479,1344
11/03/2020 17:00,ITA,3,Lombardia,4.546.679.409,9.190.347.404,3852,560,4412,1351,5763,1336,900,4,617,149,7280,1489,25629,4150
12/03/2020 17:00,ITA,3,Lombardia,4.546.679.409,9.190.347.404,4247,605,4852,2044,6896,1133,1085,185,744,127,8725,1445,29534,3905
13/03/2020 17:00,ITA,3,Lombardia,4.546.679.409,9.190.347.404,4435,650,5085,2647,7732,836,1198,113,890,146,9820,1095,32700,3166
14/03/2020 17:00,ITA,3,Lombardia,4.546.679.409,9.190.347.404,4898,732,5630,3429,9059,1327,1660,462,966,76,11685,1865,37138,4438
15/03/2020 17:00,ITA,3,Lombardia,4.546.679.409,9.190.347.404,5500,767,6267,3776,10043,984,2011,351,1218,252,13272,1587,40369,3231
16/03/2020 17:00,ITA,3,Lombardia,4.546.679.409,9.190.347.404,6171,823,6994,3867,10861,818,2368,357,1420,202,14649,1377,43565,3196
17/03/2020 17:00,ITA,3,Lombardia,4.546.679.409,9.190.347.404,6953,879,7832,4263,12095,1234,2485,117,1640,220,16220,1571,46449,2884
18/03/2020 17:00,ITA,3,Lombardia,4.546.679.409,9.190.347.404,7285,924,8209,4057,12266,171,3488,1003,1959,319,17713,1493,48983,2534
19/03/2020 17:00,ITA,3,Lombardia,4.546.679.409,9.190.347.404,7387,1006,8393,5545,13938,1672,3778,290,2168,209,19884,2171,52244,3261
20/03/2020 17:00,ITA,3,Lombardia,4.546.679.409,9.190.347.404,7735,1050,8785,6635,15420,1482,4295,517,2549,381,22264,2380,57174,4930
21/03/2020 17:00,ITA,3,Lombardia,4.546.679.409,9.190.347.404,8258,1093,9351,8019,17370,1950,5050,755,3095,546,25515,3251,66730,9556
22/03/2020 17:00,ITA,3,Lombardia,4.546.679.409,9.190.347.404,9439,1142,10581,7304,17885,515,5865,815,3456,361,27206,1691,70598,3868
23/03/2020 17:00,ITA,3,Lombardia,4.546.679.409,9.190.347.404,9266,1183,10449,8461,18910,1025,6075,210,3776,320,28761,1555,73242,2644
24/03/2020 17:00,ITA,3,Lombardia,4.546.679.409,9.190.347.404,9711,1194,10905,8963,19868,958,6657,582,4178,402,30703,1942,76695,3453
25/02/2020 18:00,ITA,11,Marche,4.361.675.973,135.188.753,0,0,0,0,0,0,0,0,0,0,0,0,21,5
26/02/2020 18:00,ITA,11,Marche,4.361.675.973,135.188.753,1,0,1,0,1,1,0,0,0,0,1,1,28,7
27/02/2020 18:00,ITA,11,Marche,4.361.675.973,135.188.753,2,1,3,0,3,2,0,0,0,0,3,2,46,18
28/02/2020 18:00,ITA,11,Marche,4.361.675.973,135.188.753,3,2,5,1,6,3,0,0,0,0,6,3,47,1
29/02/2020 17:00,ITA,11,Marche,4.361.675.973,135.188.753,6,2,8,3,11,5,0,0,0,0,11,5,68,21
01/03/2020 17:00,ITA,11,Marche,4.361.675.973,135.188.753,12,5,17,8,25,14,0,0,0,0,25,14,101,33
02/03/2020 18:00,ITA,11,Marche,4.361.675.973,135.188.753,17,6,23,11,34,9,0,0,1,1,35,10,137,36
03/03/2020 18:00,ITA,11,Marche,4.361.675.973,135.188.753,27,13,40,19,59,25,0,0,2,1,61,26,200,63
04/03/2020 17:00,ITA,11,Marche,4.361.675.973,135.188.753,34,15,49,31,80,21,0,0,4,2,84,23,288,88
05/03/2020 17:00,ITA,11,Marche,4.361.675.973,135.188.753,57,19,76,44,120,40,0,0,4,0,124,40,413,125
06/03/2020 17:00,ITA,11,Marche,4.361.675.973,135.188.753,73,20,93,62,155,35,0,0,4,0,159,35,585,172
07/03/2020 18:00,ITA,11,Marche,4.361.675.973,135.188.753,94,36,130,71,201,46,0,0,6,2,207,48,816,231
08/03/2020 18:00,ITA,11,Marche,4.361.675.973,135.188.753,110,41,151,114,265,64,0,0,7,1,272,65,1025,209
09/03/2020 18:00,ITA,11,Marche,4.361.675.973,135.188.753,136,47,183,130,313,48,0,0,10,3,323,51,1250,225
10/03/2020 18:00,ITA,11,Marche,4.361.675.973,135.188.753,152,54,206,175,381,68,0,0,13,3,394,71,1437,187
11/03/2020 17:00,ITA,11,Marche,4.361.675.973,135.188.753,212,66,278,183,461,80,0,0,18,5,479,85,1656,219
12/03/2020 17:00,ITA,11,Marche,4.361.675.973,135.188.753,254,76,330,240,570,109,0,0,22,4,592,113,1907,251
13/03/2020 17:00,ITA,11,Marche,4.361.675.973,135.188.753,337,85,422,276,698,128,0,0,27,5,725,133,2218,311
14/03/2020 17:00,ITA,11,Marche,4.361.675.973,135.188.753,449,93,542,321,863,165,0,0,36,9,899,174,2561,343
15/03/2020 17:00,ITA,11,Marche,4.361.675.973,135.188.753,521,98,619,468,1087,224,0,0,46,10,1133,234,2946,385
16/03/2020 17:00,ITA,11,Marche,4.361.675.973,135.188.753,528,110,638,547,1185,98,0,0,57,11,1242,109,3225,279
17/03/2020 17:00,ITA,11,Marche,4.361.675.973,135.188.753,599,109,708,594,1302,117,0,0,69,12,1371,129,3225,0
18/03/2020 17:00,ITA,11,Marche,4.361.675.973,135.188.753,638,119,757,719,1476,174,0,0,92,23,1568,197,4109,884
19/03/2020 17:00,ITA,11,Marche,4.361.675.973,135.188.753,656,141,797,825,1622,146,0,0,115,23,1737,169,4512,403
20/03/2020 17:00,ITA,11,Marche,4.361.675.973,135.188.753,704,138,842,1002,1844,222,0,0,137,22,1981,244,5170,658
21/03/2020 17:00,ITA,11,Marche,4.361.675.973,135.188.753,742,141,883,1114,1997,153,2,2,154,17,2153,172,5740,570
22/03/2020 17:00,ITA,11,Marche,4.361.675.973,135.188.753,816,138,954,1277,2231,234,6,4,184,30,2421,268,6391,651
23/03/2020 17:00,ITA,11,Marche,4.361.675.973,135.188.753,882,148,1030,1328,2358,127,8,2,203,19,2569,148,6782,391
24/03/2020 17:00,ITA,11,Marche,4.361.675.973,135.188.753,862,149,1011,1486,2497,139,8,0,231,28,2736,167,7229,447
25/02/2020 18:00,ITA,14,Molise,4.155.774.754,1.465.916.051,0,0,0,0,0,0,0,0,0,0,0,0,0,0
26/02/2020 18:00,ITA,14,Molise,4.155.774.754,1.465.916.051,0,0,0,0,0,0,0,0,0,0,0,0,0,0
27/02/2020 18:00,ITA,14,Molise,4.155.774.754,1.465.916.051,0,0,0,0,0,0,0,0,0,0,0,0,0,0
28/02/2020 18:00,ITA,14,Molise,4.155.774.754,1.465.916.051,0,0,0,0,0,0,0,0,0,0,0,0,0,0
29/02/2020 17:00,ITA,14,Molise,4.155.774.754,1.465.916.051,0,0,0,0,0,0,0,0,0,0,0,0,0,0
01/03/2020 17:00,ITA,14,Molise,4.155.774.754,1.465.916.051,0,0,0,0,0,0,0,0,0,0,0,0,6,6
02/03/2020 18:00,ITA,14,Molise,4.155.774.754,1.465.916.051,0,0,0,0,0,0,0,0,0,0,0,0,13,7
03/03/2020 18:00,ITA,14,Molise,4.155.774.754,1.465.916.051,3,0,3,0,3,3,0,0,0,0,3,3,13,0
04/03/2020 17:00,ITA,14,Molise,4.155.774.754,1.465.916.051,3,0,3,0,3,0,0,0,0,0,3,0,19,6
05/03/2020 17:00,ITA,14,Molise,4.155.774.754,1.465.916.051,4,0,4,3,7,4,0,0,0,0,7,4,24,5
06/03/2020 17:00,ITA,14,Molise,4.155.774.754,1.465.916.051,3,2,5,7,12,5,0,0,0,0,12,5,104,80
07/03/2020 18:00,ITA,14,Molise,4.155.774.754,1.465.916.051,3,2,5,9,14,2,0,0,0,0,14,2,112,8
08/03/2020 18:00,ITA,14,Molise,4.155.774.754,1.465.916.051,4,2,6,8,14,0,0,0,0,0,14,0,116,4
09/03/2020 18:00,ITA,14,Molise,4.155.774.754,1.465.916.051,4,2,6,8,14,0,0,0,0,0,14,0,212,96
10/03/2020 18:00,ITA,14,Molise,4.155.774.754,1.465.916.051,3,3,6,9,15,1,0,0,0,0,15,1,225,13
11/03/2020 17:00,ITA,14,Molise,4.155.774.754,1.465.916.051,4,3,7,9,16,1,0,0,0,0,16,1,233,8
12/03/2020 17:00,ITA,14,Molise,4.155.774.754,1.465.916.051,4,3,7,9,16,0,0,0,0,0,16,0,238,5
13/03/2020 17:00,ITA,14,Molise,4.155.774.754,1.465.916.051,5,3,8,9,17,1,0,0,0,0,17,1,243,5
14/03/2020 17:00,ITA,14,Molise,4.155.774.754,1.465.916.051,5,3,8,9,17,0,0,0,0,0,17,0,247,4
15/03/2020 17:00,ITA,14,Molise,4.155.774.754,1.465.916.051,3,4,7,10,17,0,0,0,0,0,17,0,248,1
16/03/2020 17:00,ITA,14,Molise,4.155.774.754,1.465.916.051,3,5,8,7,15,-2,5,5,1,1,21,4,253,5
17/03/2020 17:00,ITA,14,Molise,4.155.774.754,1.465.916.051,7,5,12,7,19,4,5,0,1,0,25,4,301,48
18/03/2020 17:00,ITA,14,Molise,4.155.774.754,1.465.916.051,7,6,13,8,21,2,6,1,1,0,28,3,361,60
19/03/2020 17:00,ITA,14,Molise,4.155.774.754,1.465.916.051,19,6,25,13,38,17,6,0,2,1,46,18,426,65
20/03/2020 17:00,ITA,14,Molise,4.155.774.754,1.465.916.051,20,6,26,13,39,1,6,0,5,3,50,4,426,0
21/03/2020 17:00,ITA,14,Molise,4.155.774.754,1.465.916.051,21,6,27,20,47,8,7,1,7,2,61,11,449,23
22/03/2020 17:00,ITA,14,Molise,4.155.774.754,1.465.916.051,24,7,31,21,52,5,7,0,7,0,66,5,532,83
23/03/2020 17:00,ITA,14,Molise,4.155.774.754,1.465.916.051,25,7,32,18,50,-2,10,3,7,0,67,1,532,0
24/03/2020 17:00,ITA,14,Molise,4.155.774.754,1.465.916.051,27,7,34,21,55,5,10,0,8,1,73,6,572,40
25/02/2020 18:00,ITA,1,Piemonte,450.732.745,7.680.687.483,2,0,2,1,3,0,0,0,0,0,3,0,141,0
26/02/2020 18:00,ITA,1,Piemonte,450.732.745,7.680.687.483,2,0,2,1,3,0,0,0,0,0,3,0,156,15
27/02/2020 18:00,ITA,1,Piemonte,450.732.745,7.680.687.483,2,0,2,0,2,-1,0,0,0,0,2,-1,156,0
28/02/2020 18:00,ITA,1,Piemonte,450.732.745,7.680.687.483,7,0,7,4,11,9,0,0,0,0,11,9,227,71
29/02/2020 17:00,ITA,1,Piemonte,450.732.745,7.680.687.483,7,0,7,4,11,0,0,0,0,0,11,0,308,81
01/03/2020 17:00,ITA,1,Piemonte,450.732.745,7.680.687.483,11,2,13,36,49,38,0,0,0,0,49,38,362,54
02/03/2020 18:00,ITA,1,Piemonte,450.732.745,7.680.687.483,12,2,14,37,51,2,0,0,0,0,51,2,434,72
03/03/2020 18:00,ITA,1,Piemonte,450.732.745,7.680.687.483,13,3,16,40,56,5,0,0,0,0,56,5,458,24
04/03/2020 17:00,ITA,1,Piemonte,450.732.745,7.680.687.483,26,13,39,43,82,26,0,0,0,0,82,26,543,85
05/03/2020 17:00,ITA,1,Piemonte,450.732.745,7.680.687.483,43,17,60,46,106,24,0,0,2,2,108,26,543,0
06/03/2020 17:00,ITA,1,Piemonte,450.732.745,7.680.687.483,57,30,87,52,139,33,0,0,4,2,143,35,793,250
07/03/2020 18:00,ITA,1,Piemonte,450.732.745,7.680.687.483,110,38,148,54,202,63,0,0,5,1,207,64,1046,253
08/03/2020 18:00,ITA,1,Piemonte,450.732.745,7.680.687.483,245,45,290,65,355,153,0,0,5,0,360,153,1636,590
09/03/2020 18:00,ITA,1,Piemonte,450.732.745,7.680.687.483,222,50,272,65,337,-18,0,0,13,8,350,-10,1681,45
10/03/2020 18:00,ITA,1,Piemonte,450.732.745,7.680.687.483,306,66,372,64,436,99,0,0,17,4,453,103,2374,693
11/03/2020 17:00,ITA,1,Piemonte,450.732.745,7.680.687.483,319,75,394,86,480,44,0,0,21,4,501,48,2431,57
12/03/2020 17:00,ITA,1,Piemonte,450.732.745,7.680.687.483,368,97,465,89,554,74,0,0,26,5,580,79,2879,448
13/03/2020 17:00,ITA,1,Piemonte,450.732.745,7.680.687.483,556,135,691,103,794,240,0,0,46,20,840,260,3105,226
14/03/2020 17:00,ITA,1,Piemonte,450.732.745,7.680.687.483,538,150,688,126,814,20,0,0,59,13,873,33,3680,575
15/03/2020 17:00,ITA,1,Piemonte,450.732.745,7.680.687.483,726,171,897,133,1030,216,0,0,81,22,1111,238,4375,695
16/03/2020 17:00,ITA,1,Piemonte,450.732.745,7.680.687.483,1045,186,1231,174,1405,375,0,0,111,30,1516,405,5588,1213
17/03/2020 17:00,ITA,1,Piemonte,450.732.745,7.680.687.483,1378,206,1584,180,1764,359,0,0,133,22,1897,381,6543,955
18/03/2020 17:00,ITA,1,Piemonte,450.732.745,7.680.687.483,1780,227,2007,180,2187,423,0,0,154,21,2341,444,7516,973
19/03/2020 17:00,ITA,1,Piemonte,450.732.745,7.680.687.483,2279,257,2536,218,2754,567,3,3,175,21,2932,591,8853,1337
20/03/2020 17:00,ITA,1,Piemonte,450.732.745,7.680.687.483,1541,280,1821,1423,3244,490,8,5,209,34,3461,529,9975,1122
21/03/2020 17:00,ITA,1,Piemonte,450.732.745,7.680.687.483,1976,301,2277,1229,3506,262,8,0,238,29,3752,291,10701,726
22/03/2020 17:00,ITA,1,Piemonte,450.732.745,7.680.687.483,2118,308,2426,1701,4127,621,10,2,283,45,4420,668,12701,2000
23/03/2020 17:00,ITA,1,Piemonte,450.732.745,7.680.687.483,2194,343,2537,1992,4529,402,17,7,315,32,4861,441,13560,859
24/03/2020 17:00,ITA,1,Piemonte,450.732.745,7.680.687.483,2404,360,2764,2360,5124,595,17,0,374,59,5515,654,15469,1909
25/02/2020 18:00,ITA,16,Puglia,4.112.559.576,1.686.736.689,0,0,0,0,0,0,0,0,0,0,0,0,0,0
26/02/2020 18:00,ITA,16,Puglia,4.112.559.576,1.686.736.689,0,0,0,0,0,0,0,0,0,0,0,0,0,0
27/02/2020 18:00,ITA,16,Puglia,4.112.559.576,1.686.736.689,1,0,1,0,1,1,0,0,0,0,1,1,0,0
28/02/2020 18:00,ITA,16,Puglia,4.112.559.576,1.686.736.689,1,0,1,2,3,2,0,0,0,0,3,2,242,242
29/02/2020 17:00,ITA,16,Puglia,4.112.559.576,1.686.736.689,1,0,1,2,3,0,0,0,0,0,3,0,252,10
01/03/2020 17:00,ITA,16,Puglia,4.112.559.576,1.686.736.689,1,0,1,2,3,0,0,0,0,0,3,0,262,10
02/03/2020 18:00,ITA,16,Puglia,4.112.559.576,1.686.736.689,2,0,2,2,4,1,0,0,0,0,4,1,278,16
03/03/2020 18:00,ITA,16,Puglia,4.112.559.576,1.686.736.689,2,0,2,4,6,2,0,0,0,0,6,2,298,20
04/03/2020 17:00,ITA,16,Puglia,4.112.559.576,1.686.736.689,4,0,4,3,7,1,1,1,1,1,9,3,322,24
05/03/2020 17:00,ITA,16,Puglia,4.112.559.576,1.686.736.689,5,1,6,6,12,5,1,0,1,0,14,5,359,37
06/03/2020 17:00,ITA,16,Puglia,4.112.559.576,1.686.736.689,5,1,6,9,15,3,1,0,1,0,17,3,395,36
07/03/2020 18:00,ITA,16,Puglia,4.112.559.576,1.686.736.689,9,2,11,12,23,8,1,0,2,1,26,9,395,0
08/03/2020 18:00,ITA,16,Puglia,4.112.559.576,1.686.736.689,17,3,20,16,36,13,1,0,3,1,40,14,627,232
09/03/2020 18:00,ITA,16,Puglia,4.112.559.576,1.686.736.689,20,6,26,20,46,10,1,0,3,0,50,10,685,58
10/03/2020 18:00,ITA,16,Puglia,4.112.559.576,1.686.736.689,28,6,34,21,55,9,1,0,3,0,59,9,747,62
11/03/2020 17:00,ITA,16,Puglia,4.112.559.576,1.686.736.689,38,4,42,29,71,16,1,0,5,2,77,18,909,162
12/03/2020 17:00,ITA,16,Puglia,4.112.559.576,1.686.736.689,58,2,60,38,98,27,1,0,5,0,104,27,1269,360
13/03/2020 17:00,ITA,16,Puglia,4.112.559.576,1.686.736.689,77,2,79,42,121,23,3,2,5,0,129,25,1449,180
14/03/2020 17:00,ITA,16,Puglia,4.112.559.576,1.686.736.689,91,6,97,59,156,35,2,-1,8,3,166,37,1681,232
15/03/2020 17:00,ITA,16,Puglia,4.112.559.576,1.686.736.689,116,6,122,90,212,56,2,0,16,8,230,64,2017,336
16/03/2020 17:00,ITA,16,Puglia,4.112.559.576,1.686.736.689,116,6,122,90,212,0,2,0,16,0,230,0,2017,0
17/03/2020 17:00,ITA,16,Puglia,4.112.559.576,1.686.736.689,155,14,169,151,320,108,2,0,18,2,340,110,3077,1060
18/03/2020 17:00,ITA,16,Puglia,4.112.559.576,1.686.736.689,156,30,186,176,362,42,2,0,19,1,383,43,3433,356
19/03/2020 17:00,ITA,16,Puglia,4.112.559.576,1.686.736.689,173,31,204,245,449,87,4,2,25,6,478,95,4046,613
20/03/2020 17:00,ITA,16,Puglia,4.112.559.576,1.686.736.689,191,31,222,329,551,102,4,0,26,1,581,103,4789,743
21/03/2020 17:00,ITA,16,Puglia,4.112.559.576,1.686.736.689,209,33,242,400,642,91,4,0,29,3,675,94,5617,828
22/03/2020 17:00,ITA,16,Puglia,4.112.559.576,1.686.736.689,252,37,289,459,748,106,7,3,31,2,786,111,6160,543
23/03/2020 17:00,ITA,16,Puglia,4.112.559.576,1.686.736.689,285,45,330,532,862,114,7,0,37,6,906,120,6761,601
24/03/2020 17:00,ITA,16,Puglia,4.112.559.576,1.686.736.689,317,57,374,566,940,78,21,14,44,7,1005,99,7345,584
25/02/2020 18:00,ITA,20,Sardegna,3.921.531.192,9.110.616.306,0,0,0,0,0,0,0,0,0,0,0,0,1,0
26/02/2020 18:00,ITA,20,Sardegna,3.921.531.192,9.110.616.306,0,0,0,0,0,0,0,0,0,0,0,0,1,0
27/02/2020 18:00,ITA,20,Sardegna,3.921.531.192,9.110.616.306,0,0,0,0,0,0,0,0,0,0,0,0,1,0
28/02/2020 18:00,ITA,20,Sardegna,3.921.531.192,9.110.616.306,0,0,0,0,0,0,0,0,0,0,0,0,1,0
29/02/2020 17:00,ITA,20,Sardegna,3.921.531.192,9.110.616.306,0,0,0,0,0,0,0,0,0,0,0,0,1,0
01/03/2020 17:00,ITA,20,Sardegna,3.921.531.192,9.110.616.306,0,0,0,0,0,0,0,0,0,0,0,0,29,28
02/03/2020 18:00,ITA,20,Sardegna,3.921.531.192,9.110.616.306,0,0,0,0,0,0,0,0,0,0,0,0,29,0
03/03/2020 18:00,ITA,20,Sardegna,3.921.531.192,9.110.616.306,1,0,1,0,1,1,0,0,0,0,1,1,29,0
04/03/2020 17:00,ITA,20,Sardegna,3.921.531.192,9.110.616.306,1,0,1,1,2,1,0,0,0,0,2,1,42,13
05/03/2020 17:00,ITA,20,Sardegna,3.921.531.192,9.110.616.306,2,0,2,0,2,0,0,0,0,0,2,0,50,8
06/03/2020 17:00,ITA,20,Sardegna,3.921.531.192,9.110.616.306,2,0,2,3,5,3,0,0,0,0,5,3,99,49
07/03/2020 18:00,ITA,20,Sardegna,3.921.531.192,9.110.616.306,2,0,2,3,5,0,0,0,0,0,5,0,99,0
08/03/2020 18:00,ITA,20,Sardegna,3.921.531.192,9.110.616.306,5,0,5,6,11,6,0,0,0,0,11,6,149,50
09/03/2020 18:00,ITA,20,Sardegna,3.921.531.192,9.110.616.306,8,0,8,11,19,8,0,0,0,0,19,8,185,36
10/03/2020 18:00,ITA,20,Sardegna,3.921.531.192,9.110.616.306,9,0,9,11,20,1,0,0,0,0,20,1,204,19
11/03/2020 17:00,ITA,20,Sardegna,3.921.531.192,9.110.616.306,10,0,10,27,37,17,0,0,0,0,37,17,283,79
12/03/2020 17:00,ITA,20,Sardegna,3.921.531.192,9.110.616.306,12,0,12,27,39,2,0,0,0,0,39,2,302,19
13/03/2020 17:00,ITA,20,Sardegna,3.921.531.192,9.110.616.306,12,0,12,31,43,4,0,0,0,0,43,4,504,202
14/03/2020 17:00,ITA,20,Sardegna,3.921.531.192,9.110.616.306,14,0,14,33,47,4,0,0,0,0,47,4,530,26
15/03/2020 17:00,ITA,20,Sardegna,3.921.531.192,9.110.616.306,16,0,16,59,75,28,0,0,2,2,77,30,613,83
16/03/2020 17:00,ITA,20,Sardegna,3.921.531.192,9.110.616.306,39,0,39,66,105,30,0,0,2,0,107,30,797,184
17/03/2020 17:00,ITA,20,Sardegna,3.921.531.192,9.110.616.306,36,4,40,75,115,10,0,0,2,0,117,10,1003,206
18/03/2020 17:00,ITA,20,Sardegna,3.921.531.192,9.110.616.306,42,7,49,83,132,17,0,0,2,0,134,17,1135,132
19/03/2020 17:00,ITA,20,Sardegna,3.921.531.192,9.110.616.306,43,9,52,152,204,72,0,0,2,0,206,72,1334,199
20/03/2020 17:00,ITA,20,Sardegna,3.921.531.192,9.110.616.306,56,15,71,217,288,84,3,3,2,0,293,87,1912,578
21/03/2020 17:00,ITA,20,Sardegna,3.921.531.192,9.110.616.306,65,16,81,240,321,33,5,2,4,2,330,37,2297,385
22/03/2020 17:00,ITA,20,Sardegna,3.921.531.192,9.110.616.306,67,16,83,244,327,6,5,0,7,3,339,9,2402,105
23/03/2020 17:00,ITA,20,Sardegna,3.921.531.192,9.110.616.306,76,18,94,249,343,16,5,0,11,4,359,20,2568,166
24/03/2020 17:00,ITA,20,Sardegna,3.921.531.192,9.110.616.306,80,19,99,296,395,52,11,6,15,4,421,62,2859,291
25/02/2020 18:00,ITA,19,Sicilia,3.811.569.725,13.362.356.699.999.900,1,0,2,2,3,3,0,0,0,0,3,3,5,0
26/02/2020 18:00,ITA,19,Sicilia,3.811.569.725,13.362.356.699.999.900,1,0,1,2,3,0,0,0,0,0,3,0,5,0
27/02/2020 18:00,ITA,19,Sicilia,3.811.569.725,13.362.356.699.999.900,1,0,1,1,2,-1,2,2,0,0,4,1,5,0
28/02/2020 18:00,ITA,19,Sicilia,3.811.569.725,13.362.356.699.999.900,1,0,1,1,2,0,2,0,0,0,4,0,5,0
29/02/2020 17:00,ITA,19,Sicilia,3.811.569.725,13.362.356.699.999.900,1,0,1,1,2,0,2,0,0,0,4,0,6,1
01/03/2020 17:00,ITA,19,Sicilia,3.811.569.725,13.362.356.699.999.900,1,0,1,6,7,5,2,0,0,0,9,5,291,285
02/03/2020 18:00,ITA,19,Sicilia,3.811.569.725,13.362.356.699.999.900,2,0,2,3,5,-2,2,0,0,0,7,-2,307,16
03/03/2020 18:00,ITA,19,Sicilia,3.811.569.725,13.362.356.699.999.900,2,0,2,3,5,0,2,0,0,0,7,0,307,0
04/03/2020 17:00,ITA,19,Sicilia,3.811.569.725,13.362.356.699.999.900,5,0,5,11,16,11,2,0,0,0,18,11,367,60
05/03/2020 17:00,ITA,19,Sicilia,3.811.569.725,13.362.356.699.999.900,5,0,5,11,16,0,2,0,0,0,18,0,367,0
06/03/2020 17:00,ITA,19,Sicilia,3.811.569.725,13.362.356.699.999.900,7,0,7,15,22,6,2,0,0,0,24,6,367,0
07/03/2020 18:00,ITA,19,Sicilia,3.811.569.725,13.362.356.699.999.900,8,0,8,25,33,11,2,0,0,0,35,11,643,276
08/03/2020 18:00,ITA,19,Sicilia,3.811.569.725,13.362.356.699.999.900,18,0,18,33,51,18,2,0,0,0,53,18,791,148
09/03/2020 18:00,ITA,19,Sicilia,3.811.569.725,13.362.356.699.999.900,19,0,19,33,52,1,2,0,0,0,54,1,836,45
10/03/2020 18:00,ITA,19,Sicilia,3.811.569.725,13.362.356.699.999.900,17,2,19,41,60,8,2,0,0,0,62,8,955,119
11/03/2020 17:00,ITA,19,Sicilia,3.811.569.725,13.362.356.699.999.900,23,1,24,57,81,21,2,0,0,0,83,21,1194,239
12/03/2020 17:00,ITA,19,Sicilia,3.811.569.725,13.362.356.699.999.900,28,5,33,78,111,30,2,0,2,2,115,32,1477,283
13/03/2020 17:00,ITA,19,Sicilia,3.811.569.725,13.362.356.699.999.900,37,7,44,82,126,15,2,0,2,0,130,15,1950,473
14/03/2020 17:00,ITA,19,Sicilia,3.811.569.725,13.362.356.699.999.900,42,11,53,97,150,24,4,2,2,0,156,26,2100,150
15/03/2020 17:00,ITA,19,Sicilia,3.811.569.725,13.362.356.699.999.900,56,15,71,108,179,29,7,3,2,0,188,32,2452,352
16/03/2020 17:00,ITA,19,Sicilia,3.811.569.725,13.362.356.699.999.900,75,20,95,108,203,24,8,1,2,0,213,25,2653,201
17/03/2020 17:00,ITA,19,Sicilia,3.811.569.725,13.362.356.699.999.900,86,28,114,112,226,23,8,0,3,1,237,24,2916,263
18/03/2020 17:00,ITA,19,Sicilia,3.811.569.725,13.362.356.699.999.900,100,29,129,138,267,41,12,4,3,0,282,45,3294,378
19/03/2020 17:00,ITA,19,Sicilia,3.811.569.725,13.362.356.699.999.900,143,36,179,142,321,54,15,3,4,1,340,58,3961,667
20/03/2020 17:00,ITA,19,Sicilia,3.811.569.725,13.362.356.699.999.900,168,42,210,169,379,58,25,10,4,0,408,68,4468,507
21/03/2020 17:00,ITA,19,Sicilia,3.811.569.725,13.362.356.699.999.900,206,48,254,204,458,79,26,1,6,2,490,82,4883,415
22/03/2020 17:00,ITA,19,Sicilia,3.811.569.725,13.362.356.699.999.900,220,55,275,321,596,138,26,0,8,2,630,140,5580,697
23/03/2020 17:00,ITA,19,Sicilia,3.811.569.725,13.362.356.699.999.900,250,60,310,371,681,85,27,1,13,5,721,91,6375,795
24/03/2020 17:00,ITA,19,Sicilia,3.811.569.725,13.362.356.699.999.900,250,60,310,489,799,118,27,0,20,7,846,125,7170,795
25/02/2020 18:00,ITA,9,Toscana,4.376.923.077,1.125.588.885,2,0,2,0,2,2,0,0,0,0,2,2,296,156
26/02/2020 18:00,ITA,9,Toscana,4.376.923.077,1.125.588.885,2,0,2,0,2,0,0,0,0,0,2,0,363,67
27/02/2020 18:00,ITA,9,Toscana,4.376.923.077,1.125.588.885,2,0,2,0,2,0,0,0,0,0,2,0,410,47
28/02/2020 18:00,ITA,9,Toscana,4.376.923.077,1.125.588.885,5,0,5,2,7,5,1,1,0,0,8,6,437,27
29/02/2020 17:00,ITA,9,Toscana,4.376.923.077,1.125.588.885,7,0,7,3,10,3,1,0,0,0,11,3,531,94
01/03/2020 17:00,ITA,9,Toscana,4.376.923.077,1.125.588.885,7,0,7,5,12,2,1,0,0,0,13,2,572,41
02/03/2020 18:00,ITA,9,Toscana,4.376.923.077,1.125.588.885,7,0,7,5,12,0,1,0,0,0,13,0,613,41
03/03/2020 18:00,ITA,9,Toscana,4.376.923.077,1.125.588.885,10,0,10,8,18,6,1,0,0,0,19,6,697,84
04/03/2020 17:00,ITA,9,Toscana,4.376.923.077,1.125.588.885,15,2,17,20,37,19,1,0,0,0,38,19,776,79
05/03/2020 17:00,ITA,9,Toscana,4.376.923.077,1.125.588.885,26,3,29,31,60,23,1,0,0,0,61,23,776,0
06/03/2020 17:00,ITA,9,Toscana,4.376.923.077,1.125.588.885,35,5,40,38,78,18,1,0,0,0,79,18,1097,321
07/03/2020 18:00,ITA,9,Toscana,4.376.923.077,1.125.588.885,54,7,61,51,112,34,1,0,0,0,113,34,1331,234
08/03/2020 18:00,ITA,9,Toscana,4.376.923.077,1.125.588.885,91,7,98,67,165,53,1,0,0,0,166,53,1618,287
09/03/2020 18:00,ITA,9,Toscana,4.376.923.077,1.125.588.885,107,9,116,90,206,41,1,0,1,1,208,42,2018,400
10/03/2020 18:00,ITA,9,Toscana,4.376.923.077,1.125.588.885,91,40,131,129,260,54,3,2,1,0,264,56,2573,555
11/03/2020 17:00,ITA,9,Toscana,4.376.923.077,1.125.588.885,87,54,141,173,314,54,5,2,1,0,320,56,2804,231
12/03/2020 17:00,ITA,9,Toscana,4.376.923.077,1.125.588.885,100,59,159,193,352,38,7,2,5,4,364,44,3165,361
13/03/2020 17:00,ITA,9,Toscana,4.376.923.077,1.125.588.885,134,77,211,244,455,103,10,3,5,0,470,106,4049,884
14/03/2020 17:00,ITA,9,Toscana,4.376.923.077,1.125.588.885,160,87,247,367,614,159,10,0,6,1,630,160,4595,546
15/03/2020 17:00,ITA,9,Toscana,4.376.923.077,1.125.588.885,175,107,282,481,763,149,10,0,8,2,781,151,5132,537
16/03/2020 17:00,ITA,9,Toscana,4.376.923.077,1.125.588.885,175,107,282,559,841,78,11,1,14,6,866,85,5910,778
17/03/2020 17:00,ITA,9,Toscana,4.376.923.077,1.125.588.885,329,143,472,552,1024,183,12,1,17,3,1053,187,6727,817
18/03/2020 17:00,ITA,9,Toscana,4.376.923.077,1.125.588.885,427,160,587,704,1291,267,17,5,22,5,1330,277,7606,879
19/03/2020 17:00,ITA,9,Toscana,4.376.923.077,1.125.588.885,501,178,679,743,1422,131,22,5,38,16,1482,152,8873,1267
20/03/2020 17:00,ITA,9,Toscana,4.376.923.077,1.125.588.885,601,189,790,923,1713,291,33,11,47,9,1793,311,10405,1532
21/03/2020 17:00,ITA,9,Toscana,4.376.923.077,1.125.588.885,664,202,866,1039,1905,192,35,2,72,25,2012,219,11909,1504
22/03/2020 17:00,ITA,9,Toscana,4.376.923.077,1.125.588.885,706,215,921,1223,2144,239,42,7,91,19,2277,265,13264,1355
23/03/2020 17:00,ITA,9,Toscana,4.376.923.077,1.125.588.885,838,238,1076,1225,2301,157,51,9,109,18,2461,184,13851,587
24/03/2020 17:00,ITA,9,Toscana,4.376.923.077,1.125.588.885,918,244,1162,1357,2519,218,51,0,129,20,2699,238,15701,1850
25/02/2020 18:00,ITA,4,P.A. Trento,4.606.893.511,1.112.123.097,0,0,0,0,0,0,0,0,0,0,0,0,3,0
26/02/2020 18:00,ITA,4,P.A. Trento,4.606.893.511,1.112.123.097,0,0,0,0,0,0,0,0,0,0,0,0,3,0
27/02/2020 18:00,ITA,4,P.A. Trento,4.606.893.511,1.112.123.097,0,0,0,0,0,0,0,0,0,0,0,0,32,29
28/02/2020 18:00,ITA,4,P.A. Trento,4.606.893.511,1.112.123.097,0,0,0,0,0,0,0,0,0,0,0,0,32,0
29/02/2020 17:00,ITA,4,P.A. Trento,4.606.893.511,1.112.123.097,0,0,0,0,0,0,0,0,0,0,0,0,43,11
01/03/2020 17:00,ITA,4,P.A. Trento,4.606.893.511,1.112.123.097,0,0,0,0,0,0,0,0,0,0,0,0,122,79
02/03/2020 18:00,ITA,4,P.A. Trento,4.606.893.511,1.112.123.097,0,0,0,0,0,0,0,0,0,0,0,0,122,0
03/03/2020 18:00,ITA,4,P.A. Trento,4.606.893.511,1.112.123.097,1,0,1,3,4,4,0,0,0,0,4,4,122,0
04/03/2020 17:00,ITA,4,P.A. Trento,4.606.893.511,1.112.123.097,1,0,1,4,5,1,0,0,0,0,5,1,122,0
05/03/2020 17:00,ITA,4,P.A. Trento,4.606.893.511,1.112.123.097,2,0,2,5,7,2,0,0,0,0,7,2,122,0
06/03/2020 17:00,ITA,4,P.A. Trento,4.606.893.511,1.112.123.097,4,0,4,6,10,3,0,0,0,0,10,3,122,0
07/03/2020 18:00,ITA,4,P.A. Trento,4.606.893.511,1.112.123.097,6,1,7,7,14,4,0,0,0,0,14,4,194,72
08/03/2020 18:00,ITA,4,P.A. Trento,4.606.893.511,1.112.123.097,7,2,9,14,23,9,0,0,0,0,23,9,228,34
09/03/2020 18:00,ITA,4,P.A. Trento,4.606.893.511,1.112.123.097,10,2,12,21,33,10,0,0,0,0,33,10,267,39
10/03/2020 18:00,ITA,4,P.A. Trento,4.606.893.511,1.112.123.097,19,3,22,28,50,17,2,2,0,0,52,19,399,132
11/03/2020 17:00,ITA,4,P.A. Trento,4.606.893.511,1.112.123.097,28,4,32,42,74,24,3,1,0,0,77,25,527,128
12/03/2020 17:00,ITA,4,P.A. Trento,4.606.893.511,1.112.123.097,43,5,48,54,102,28,4,1,1,1,107,30,593,66
13/03/2020 17:00,ITA,4,P.A. Trento,4.606.893.511,1.112.123.097,58,6,64,93,157,55,4,0,2,1,163,56,846,253
14/03/2020 17:00,ITA,4,P.A. Trento,4.606.893.511,1.112.123.097,68,12,80,119,199,42,5,1,2,0,206,43,1006,160
15/03/2020 17:00,ITA,4,P.A. Trento,4.606.893.511,1.112.123.097,73,19,92,275,367,168,5,0,6,4,378,172,1006,0
16/03/2020 17:00,ITA,4,P.A. Trento,4.606.893.511,1.112.123.097,73,19,92,275,367,0,5,0,6,0,378,0,1006,0
17/03/2020 17:00,ITA,4,P.A. Trento,4.606.893.511,1.112.123.097,107,22,129,239,368,1,10,5,7,1,385,7,1727,721
18/03/2020 17:00,ITA,4,P.A. Trento,4.606.893.511,1.112.123.097,141,22,163,273,436,68,12,2,7,0,455,70,2187,460
19/03/2020 17:00,ITA,4,P.A. Trento,4.606.893.511,1.112.123.097,169,30,199,292,491,55,20,8,12,5,523,68,2203,16
20/03/2020 17:00,ITA,4,P.A. Trento,4.606.893.511,1.112.123.097,198,34,232,368,600,109,29,9,13,1,642,119,2656,453
21/03/2020 17:00,ITA,4,P.A. Trento,4.606.893.511,1.112.123.097,233,39,272,448,720,120,34,5,28,15,782,140,2656,0
22/03/2020 17:00,ITA,4,P.A. Trento,4.606.893.511,1.112.123.097,235,46,281,604,885,165,34,0,35,7,954,172,3050,394
23/03/2020 17:00,ITA,4,P.A. Trento,4.606.893.511,1.112.123.097,249,46,295,619,914,29,68,34,41,6,1023,69,3150,100
24/03/2020 17:00,ITA,4,P.A. Trento,4.606.893.511,1.112.123.097,308,49,357,618,975,61,79,11,56,15,1110,87,3712,562
25/02/2020 18:00,ITA,10,Umbria,4.310.675.841,1.238.824.698,0,0,0,0,0,0,0,0,0,0,0,0,8,8
26/02/2020 18:00,ITA,10,Umbria,4.310.675.841,1.238.824.698,0,0,0,0,0,0,0,0,0,0,0,0,8,0
27/02/2020 18:00,ITA,10,Umbria,4.310.675.841,1.238.824.698,0,0,0,0,0,0,0,0,0,0,0,0,8,0
28/02/2020 18:00,ITA,10,Umbria,4.310.675.841,1.238.824.698,0,0,0,0,0,0,0,0,0,0,0,0,8,0
29/02/2020 17:00,ITA,10,Umbria,4.310.675.841,1.238.824.698,0,0,0,0,0,0,0,0,0,0,0,0,31,23
01/03/2020 17:00,ITA,10,Umbria,4.310.675.841,1.238.824.698,0,0,0,2,2,2,0,0,0,0,2,2,35,4
02/03/2020 18:00,ITA,10,Umbria,4.310.675.841,1.238.824.698,0,0,0,2,2,0,0,0,0,0,2,0,35,0
03/03/2020 18:00,ITA,10,Umbria,4.310.675.841,1.238.824.698,1,1,2,6,8,6,0,0,0,0,8,6,45,10
04/03/2020 17:00,ITA,10,Umbria,4.310.675.841,1.238.824.698,1,1,2,7,9,1,0,0,0,0,9,1,58,13
05/03/2020 17:00,ITA,10,Umbria,4.310.675.841,1.238.824.698,1,1,2,7,9,0,0,0,0,0,9,0,88,30
06/03/2020 17:00,ITA,10,Umbria,4.310.675.841,1.238.824.698,2,2,4,12,16,7,0,0,0,0,16,7,110,22
07/03/2020 18:00,ITA,10,Umbria,4.310.675.841,1.238.824.698,2,2,4,20,24,8,0,0,0,0,24,8,134,24
08/03/2020 18:00,ITA,10,Umbria,4.310.675.841,1.238.824.698,2,2,4,22,26,2,0,0,0,0,26,2,168,34
09/03/2020 18:00,ITA,10,Umbria,4.310.675.841,1.238.824.698,4,2,6,22,28,2,0,0,0,0,28,2,183,15
10/03/2020 18:00,ITA,10,Umbria,4.310.675.841,1.238.824.698,8,2,10,27,37,9,0,0,0,0,37,9,260,77
11/03/2020 17:00,ITA,10,Umbria,4.310.675.841,1.238.824.698,7,5,12,32,44,7,2,2,0,0,46,9,340,80
12/03/2020 17:00,ITA,10,Umbria,4.310.675.841,1.238.824.698,8,8,16,46,62,18,2,0,0,0,64,18,458,118
13/03/2020 17:00,ITA,10,Umbria,4.310.675.841,1.238.824.698,11,10,21,52,73,11,2,0,1,1,76,12,576,118
14/03/2020 17:00,ITA,10,Umbria,4.310.675.841,1.238.824.698,21,11,32,71,103,30,3,1,1,0,107,31,748,172
15/03/2020 17:00,ITA,10,Umbria,4.310.675.841,1.238.824.698,25,13,38,101,139,36,3,0,1,0,143,36,965,217
16/03/2020 17:00,ITA,10,Umbria,4.310.675.841,1.238.824.698,30,15,45,114,159,20,4,1,1,0,164,21,1093,128
17/03/2020 17:00,ITA,10,Umbria,4.310.675.841,1.238.824.698,36,21,57,135,192,33,4,0,1,0,197,33,1323,230
18/03/2020 17:00,ITA,10,Umbria,4.310.675.841,1.238.824.698,54,21,75,166,241,49,4,0,2,1,247,50,1601,278
19/03/2020 17:00,ITA,10,Umbria,4.310.675.841,1.238.824.698,69,21,90,238,328,87,4,0,2,0,334,87,1954,353
20/03/2020 17:00,ITA,10,Umbria,4.310.675.841,1.238.824.698,75,24,99,285,384,56,4,0,7,5,395,61,2303,349
21/03/2020 17:00,ITA,10,Umbria,4.310.675.841,1.238.824.698,92,29,121,326,447,63,5,1,10,3,462,67,2712,409
22/03/2020 17:00,ITA,10,Umbria,4.310.675.841,1.238.824.698,97,35,132,368,500,53,5,0,16,6,521,59,3135,423
23/03/2020 17:00,ITA,10,Umbria,4.310.675.841,1.238.824.698,106,42,148,408,556,56,5,0,16,0,577,56,3561,426
24/03/2020 17:00,ITA,10,Umbria,4.310.675.841,1.238.824.698,105,43,148,476,624,68,5,0,19,3,648,71,4108,547
25/02/2020 18:00,ITA,2,Valle d'Aosta,4.573.750.286,7.320.149.366,0,0,0,0,0,0,0,0,0,0,0,0,7,0
26/02/2020 18:00,ITA,2,Valle d'Aosta,4.573.750.286,7.320.149.366,0,0,0,0,0,0,0,0,0,0,0,0,7,0
27/02/2020 18:00,ITA,2,Valle d'Aosta,4.573.750.286,7.320.149.366,0,0,0,0,0,0,0,0,0,0,0,0,9,2
28/02/2020 18:00,ITA,2,Valle d'Aosta,4.573.750.286,7.320.149.366,0,0,0,0,0,0,0,0,0,0,0,0,9,0
29/02/2020 17:00,ITA,2,Valle d'Aosta,4.573.750.286,7.320.149.366,0,0,0,0,0,0,0,0,0,0,0,0,9,0
01/03/2020 17:00,ITA,2,Valle d'Aosta,4.573.750.286,7.320.149.366,0,0,0,0,0,0,0,0,0,0,0,0,10,1
02/03/2020 18:00,ITA,2,Valle d'Aosta,4.573.750.286,7.320.149.366,0,0,0,0,0,0,0,0,0,0,0,0,11,1
03/03/2020 18:00,ITA,2,Valle d'Aosta,4.573.750.286,7.320.149.366,0,0,0,0,0,0,0,0,0,0,0,0,12,1
04/03/2020 17:00,ITA,2,Valle d'Aosta,4.573.750.286,7.320.149.366,0,0,0,0,0,0,0,0,0,0,0,0,15,3
05/03/2020 17:00,ITA,2,Valle d'Aosta,4.573.750.286,7.320.149.366,0,0,0,2,2,2,0,0,0,0,2,2,21,6
06/03/2020 17:00,ITA,2,Valle d'Aosta,4.573.750.286,7.320.149.366,0,0,0,7,7,5,0,0,0,0,7,5,28,7
07/03/2020 18:00,ITA,2,Valle d'Aosta,4.573.750.286,7.320.149.366,1,0,1,7,8,1,0,0,0,0,8,1,32,4
08/03/2020 18:00,ITA,2,Valle d'Aosta,4.573.750.286,7.320.149.366,1,0,1,8,9,1,0,0,0,0,9,1,41,9
09/03/2020 18:00,ITA,2,Valle d'Aosta,4.573.750.286,7.320.149.366,4,0,4,11,15,6,0,0,0,0,15,6,67,26
10/03/2020 18:00,ITA,2,Valle d'Aosta,4.573.750.286,7.320.149.366,2,0,2,15,17,2,0,0,0,0,17,2,89,22
11/03/2020 17:00,ITA,2,Valle d'Aosta,4.573.750.286,7.320.149.366,2,0,2,17,19,2,0,0,1,1,20,3,99,10
12/03/2020 17:00,ITA,2,Valle d'Aosta,4.573.750.286,7.320.149.366,7,0,7,19,26,7,0,0,1,0,27,7,118,19
13/03/2020 17:00,ITA,2,Valle d'Aosta,4.573.750.286,7.320.149.366,6,0,6,21,27,1,0,0,1,0,28,1,189,71
14/03/2020 17:00,ITA,2,Valle d'Aosta,4.573.750.286,7.320.149.366,12,0,12,29,41,14,0,0,1,0,42,14,231,42
15/03/2020 17:00,ITA,2,Valle d'Aosta,4.573.750.286,7.320.149.366,10,3,13,43,56,15,0,0,1,0,57,15,230,-1
16/03/2020 17:00,ITA,2,Valle d'Aosta,4.573.750.286,7.320.149.366,28,5,33,70,103,47,0,0,2,1,105,48,287,57
17/03/2020 17:00,ITA,2,Valle d'Aosta,4.573.750.286,7.320.149.366,35,6,41,93,134,31,0,0,2,0,136,31,398,111
18/03/2020 17:00,ITA,2,Valle d'Aosta,4.573.750.286,7.320.149.366,41,3,44,118,162,28,0,0,3,1,165,29,486,88
19/03/2020 17:00,ITA,2,Valle d'Aosta,4.573.750.286,7.320.149.366,47,9,56,153,209,47,0,0,6,3,215,50,608,122
20/03/2020 17:00,ITA,2,Valle d'Aosta,4.573.750.286,7.320.149.366,54,9,63,194,257,48,0,0,7,1,264,49,814,206
21/03/2020 17:00,ITA,2,Valle d'Aosta,4.573.750.286,7.320.149.366,62,15,77,227,304,47,1,1,8,1,313,49,884,70
22/03/2020 17:00,ITA,2,Valle d'Aosta,4.573.750.286,7.320.149.366,63,21,84,270,354,50,1,0,9,1,364,51,950,66
23/03/2020 17:00,ITA,2,Valle d'Aosta,4.573.750.286,7.320.149.366,69,20,89,290,379,25,2,1,12,3,393,29,1098,148
24/03/2020 17:00,ITA,2,Valle d'Aosta,4.573.750.286,7.320.149.366,71,20,91,288,379,0,2,0,19,7,400,7,1180,82
25/02/2020 18:00,ITA,5,Veneto,4.543.490.485,1.233.845.213,12,7,19,23,42,10,0,0,1,0,43,10,3780,1580
26/02/2020 18:00,ITA,5,Veneto,4.543.490.485,1.233.845.213,16,8,24,45,69,27,0,0,2,1,71,28,4900,1120
27/02/2020 18:00,ITA,5,Veneto,4.543.490.485,1.233.845.213,19,8,27,82,109,40,0,0,2,0,111,40,6164,1264
28/02/2020 18:00,ITA,5,Veneto,4.543.490.485,1.233.845.213,24,9,33,116,149,40,0,0,2,0,151,40,7414,1250
29/02/2020 17:00,ITA,5,Veneto,4.543.490.485,1.233.845.213,24,11,35,154,189,40,0,0,2,0,191,40,8659,1245
01/03/2020 17:00,ITA,5,Veneto,4.543.490.485,1.233.845.213,51,13,64,197,261,72,0,0,2,0,263,72,9056,397
02/03/2020 18:00,ITA,5,Veneto,4.543.490.485,1.233.845.213,53,14,67,204,271,10,0,0,2,0,273,10,9782,726
03/03/2020 18:00,ITA,5,Veneto,4.543.490.485,1.233.845.213,49,19,68,229,297,26,7,7,3,1,307,34,10176,394
04/03/2020 17:00,ITA,5,Veneto,4.543.490.485,1.233.845.213,76,23,99,246,345,48,9,2,6,3,360,53,10515,339
05/03/2020 17:00,ITA,5,Veneto,4.543.490.485,1.233.845.213,92,24,116,264,380,35,17,8,10,4,407,47,11949,1434
06/03/2020 17:00,ITA,5,Veneto,4.543.490.485,1.233.845.213,117,27,144,310,454,74,22,5,12,2,488,81,13023,1074
07/03/2020 18:00,ITA,5,Veneto,4.543.490.485,1.233.845.213,123,41,164,341,505,51,25,3,13,1,543,55,14429,1406
08/03/2020 18:00,ITA,5,Veneto,4.543.490.485,1.233.845.213,146,47,193,430,623,118,29,4,18,5,670,127,15918,1489
09/03/2020 18:00,ITA,5,Veneto,4.543.490.485,1.233.845.213,186,51,237,457,694,71,30,1,20,2,744,74,15956,38
10/03/2020 18:00,ITA,5,Veneto,4.543.490.485,1.233.845.213,204,67,271,512,783,89,47,17,26,6,856,112,16643,687
11/03/2020 17:00,ITA,5,Veneto,4.543.490.485,1.233.845.213,262,68,330,610,940,157,54,7,29,3,1023,167,21400,4757
12/03/2020 17:00,ITA,5,Veneto,4.543.490.485,1.233.845.213,360,85,445,852,1297,357,55,1,32,3,1384,361,23438,2038
13/03/2020 17:00,ITA,5,Veneto,4.543.490.485,1.233.845.213,366,107,473,980,1453,156,100,45,42,10,1595,211,25691,2253
14/03/2020 17:00,ITA,5,Veneto,4.543.490.485,1.233.845.213,366,119,485,1290,1775,322,107,7,55,13,1937,342,26980,1289
15/03/2020 17:00,ITA,5,Veneto,4.543.490.485,1.233.845.213,426,129,555,1434,1989,214,120,13,63,8,2172,235,32546,5566
16/03/2020 17:00,ITA,5,Veneto,4.543.490.485,1.233.845.213,498,156,654,1620,2274,285,130,10,69,6,2473,301,35052,2506
17/03/2020 17:00,ITA,5,Veneto,4.543.490.485,1.233.845.213,548,171,719,1769,2488,214,136,6,80,11,2704,231,35478,426
18/03/2020 17:00,ITA,5,Veneto,4.543.490.485,1.233.845.213,646,195,841,2112,2953,465,167,31,94,14,3214,510,40841,5363
19/03/2020 17:00,ITA,5,Veneto,4.543.490.485,1.233.845.213,771,209,980,2189,3169,216,200,33,115,21,3484,270,44658,3817
20/03/2020 17:00,ITA,5,Veneto,4.543.490.485,1.233.845.213,843,236,1079,2598,3677,508,223,23,131,16,4031,547,49288,4630
21/03/2020 17:00,ITA,5,Veneto,4.543.490.485,1.233.845.213,942,249,1191,3023,4214,537,257,34,146,15,4617,586,53642,4354
22/03/2020 17:00,ITA,5,Veneto,4.543.490.485,1.233.845.213,1113,255,1368,3276,4644,430,309,52,169,23,5122,505,57671,4029
23/03/2020 17:00,ITA,5,Veneto,4.543.490.485,1.233.845.213,1206,281,1487,3499,4986,342,327,18,192,23,5505,383,61115,3444
24/03/2020 17:00,ITA,5,Veneto,4.543.490.485,1.233.845.213,1318,304,1622,3729,5351,365,381,54,216,24,5948,443,66178,5063
