data,stato,codice_regione,denominazione_regione,lat,long,ricoverati_con_sintomi,terapia_intensiva,totale_ospedalizzati,isolamento_domiciliare,totale_attualmente_positivi,nuovi_attualmente_positivi,dimessi_guariti,dimessi_guariti_gg,deceduti,deceduti_gg,totale_casi,totale_casi_gg,tamponi,tamponi_gg
2020-02-25 18:00:00,ITA,13,Abruzzo,42.35122196,13.39843823,0,0,0,0,0,0,0,0,0,0,0,0,5,0
2020-02-26 18:00:00,ITA,13,Abruzzo,42.35122196,13.39843823,0,0,0,0,0,0,0,0,0,0,0,0,13,8
2020-02-27 18:00:00,ITA,13,Abruzzo,42.35122196,13.39843823,1,0,1,0,1,1,0,0,0,0,1,1,33,20
2020-02-28 18:00:00,ITA,13,Abruzzo,42.35122196,13.39843823,1,0,1,0,1,0,0,0,0,0,1,0,33,0
2020-02-29 17:00:00,ITA,13,Abruzzo,42.35122196,13.39843823,2,0,2,0,2,1,0,0,0,0,2,1,43,10
2020-03-01 17:00:00,ITA,13,Abruzzo,42.35122196,13.39843823,3,0,3,2,5,3,0,0,0,0,5,3,52,9
2020-03-02 18:00:00,ITA,13,Abruzzo,42.35122196,13.39843823,3,0,3,2,5,0,0,0,0,0,5,0,52,0
2020-03-03 18:00:00,ITA,13,Abruzzo,42.35122196,13.39843823,5,0,5,1,6,1,0,0,0,0,6,1,52,0
2020-03-04 17:00:00,ITA,13,Abruzzo,42.35122196,13.39843823,7,0,7,0,7,1,0,0,0,0,7,1,85,33
2020-03-05 17:00:00,ITA,13,Abruzzo,42.35122196,13.39843823,8,0,8,0,8,1,0,0,0,0,8,1,96,11
2020-03-06 17:00:00,ITA,13,Abruzzo,42.35122196,13.39843823,9,0,9,0,9,1,0,0,0,0,9,1,96,0
2020-03-07 18:00:00,ITA,13,Abruzzo,42.35122196,13.39843823,11,0,11,0,11,2,0,0,0,0,11,2,123,27
2020-03-08 18:00:00,ITA,13,Abruzzo,42.35122196,13.39843823,14,0,14,3,17,6,0,0,0,0,17,6,163,40
2020-03-09 18:00:00,ITA,13,Abruzzo,42.35122196,13.39843823,25,0,25,5,30,13,0,0,0,0,30,13,237,74
2020-03-10 18:00:00,ITA,13,Abruzzo,42.35122196,13.39843823,17,9,26,11,37,7,0,0,1,1,38,8,310,73
2020-03-11 17:00:00,ITA,13,Abruzzo,42.35122196,13.39843823,17,9,26,11,37,0,0,0,1,0,38,0,310,0
2020-03-12 17:00:00,ITA,13,Abruzzo,42.35122196,13.39843823,47,12,59,19,78,41,4,4,2,1,84,46,867,557
2020-03-13 17:00:00,ITA,13,Abruzzo,42.35122196,13.39843823,42,14,56,27,83,5,4,0,2,0,89,5,958,91
2020-03-14 17:00:00,ITA,13,Abruzzo,42.35122196,13.39843823,51,14,65,41,106,23,4,0,2,0,112,23,1232,274
2020-03-15 17:00:00,ITA,13,Abruzzo,42.35122196,13.39843823,72,28,100,28,128,22,6,2,3,1,137,25,1419,187
2020-03-16 17:00:00,ITA,13,Abruzzo,42.35122196,13.39843823,71,37,108,57,165,37,7,1,4,1,176,39,1533,114
2020-03-17 17:00:00,ITA,13,Abruzzo,42.35122196,13.39843823,94,32,126,90,216,51,7,0,6,2,229,53,1688,155
2020-03-18 17:00:00,ITA,13,Abruzzo,42.35122196,13.39843823,99,41,140,109,249,33,7,0,7,1,263,34,2054,366
2020-03-19 17:00:00,ITA,13,Abruzzo,42.35122196,13.39843823,181,47,228,138,366,117,8,1,11,4,385,122,2409,355
2020-03-20 17:00:00,ITA,13,Abruzzo,42.35122196,13.39843823,190,48,238,184,422,56,10,2,17,6,449,64,2695,286
2020-03-21 17:00:00,ITA,13,Abruzzo,42.35122196,13.39843823,185,44,229,265,494,72,13,3,22,5,529,80,3035,340
2020-03-22 17:00:00,ITA,13,Abruzzo,42.35122196,13.39843823,218,49,267,272,539,45,15,2,33,11,587,58,3375,340
2020-03-23 17:00:00,ITA,13,Abruzzo,42.35122196,13.39843823,228,52,280,325,605,66,20,5,38,5,663,76,3674,299
2020-03-24 17:00:00,ITA,13,Abruzzo,42.35122196,13.39843823,234,57,291,331,622,17,21,1,46,8,689,26,4294,620
2020-02-25 18:00:00,ITA,17,Basilicata,40.63947052,15.80514834,0,0,0,0,0,0,0,0,0,0,0,0,0,0
2020-02-26 18:00:00,ITA,17,Basilicata,40.63947052,15.80514834,0,0,0,0,0,0,0,0,0,0,0,0,0,0
2020-02-27 18:00:00,ITA,17,Basilicata,40.63947052,15.80514834,0,0,0,0,0,0,0,0,0,0,0,0,0,0
2020-02-28 18:00:00,ITA,17,Basilicata,40.63947052,15.80514834,0,0,0,0,0,0,0,0,0,0,0,0,0,0
2020-02-29 17:00:00,ITA,17,Basilicata,40.63947052,15.80514834,0,0,0,0,0,0,0,0,0,0,0,0,32,32
2020-03-01 17:00:00,ITA,17,Basilicata,40.63947052,15.80514834,0,0,0,0,0,0,0,0,0,0,0,0,39,7
2020-03-02 18:00:00,ITA,17,Basilicata,40.63947052,15.80514834,0,0,0,0,0,0,0,0,0,0,0,0,39,0
2020-03-03 18:00:00,ITA,17,Basilicata,40.63947052,15.80514834,0,0,0,1,1,1,0,0,0,0,1,1,42,3
2020-03-04 17:00:00,ITA,17,Basilicata,40.63947052,15.80514834,0,0,0,1,1,0,0,0,0,0,1,0,48,6
2020-03-05 17:00:00,ITA,17,Basilicata,40.63947052,15.80514834,0,0,0,1,1,0,0,0,0,0,1,0,54,6
2020-03-06 17:00:00,ITA,17,Basilicata,40.63947052,15.80514834,1,0,1,2,3,2,0,0,0,0,3,2,63,9
2020-03-07 18:00:00,ITA,17,Basilicata,40.63947052,15.80514834,1,0,1,2,3,0,0,0,0,0,3,0,75,12
2020-03-08 18:00:00,ITA,17,Basilicata,40.63947052,15.80514834,2,0,2,2,4,1,0,0,0,0,4,1,123,48
2020-03-09 18:00:00,ITA,17,Basilicata,40.63947052,15.80514834,2,0,2,3,5,1,0,0,0,0,5,1,135,12
2020-03-10 18:00:00,ITA,17,Basilicata,40.63947052,15.80514834,2,0,2,5,7,2,0,0,0,0,7,2,148,13
2020-03-11 17:00:00,ITA,17,Basilicata,40.63947052,15.80514834,1,1,2,6,8,1,0,0,0,0,8,1,155,7
2020-03-12 17:00:00,ITA,17,Basilicata,40.63947052,15.80514834,1,1,2,6,8,0,0,0,0,0,8,0,155,0
2020-03-13 17:00:00,ITA,17,Basilicata,40.63947052,15.80514834,1,1,2,8,10,2,0,0,0,0,10,2,155,0
2020-03-14 17:00:00,ITA,17,Basilicata,40.63947052,15.80514834,0,2,2,8,10,0,0,0,0,0,10,0,155,0
2020-03-15 17:00:00,ITA,17,Basilicata,40.63947052,15.80514834,0,2,2,9,11,1,0,0,0,0,11,1,208,53
2020-03-16 17:00:00,ITA,17,Basilicata,40.63947052,15.80514834,1,2,3,9,12,1,0,0,0,0,12,1,230,22
2020-03-17 17:00:00,ITA,17,Basilicata,40.63947052,15.80514834,5,2,7,13,20,8,0,0,0,0,20,8,262,32
2020-03-18 17:00:00,ITA,17,Basilicata,40.63947052,15.80514834,9,2,11,16,27,7,0,0,0,0,27,7,262,0
2020-03-19 17:00:00,ITA,17,Basilicata,40.63947052,15.80514834,8,5,13,24,37,10,0,0,0,0,37,10,353,91
2020-03-20 17:00:00,ITA,17,Basilicata,40.63947052,15.80514834,8,5,13,39,52,15,0,0,0,0,52,15,443,90
2020-03-21 17:00:00,ITA,17,Basilicata,40.63947052,15.80514834,12,7,19,47,66,14,0,0,0,0,66,14,522,79
2020-03-22 17:00:00,ITA,17,Basilicata,40.63947052,15.80514834,13,10,23,58,81,15,0,0,0,0,81,15,643,121
2020-03-23 17:00:00,ITA,17,Basilicata,40.63947052,15.80514834,15,12,27,62,89,8,0,0,1,1,90,9,696,53
2020-03-24 17:00:00,ITA,17,Basilicata,40.63947052,15.80514834,14,12,26,65,91,2,0,0,1,0,92,2,744,48
2020-02-25 18:00:00,ITA,4,P.A. Bolzano,46.49933453,11.35662422,1,0,1,0,1,1,0,0,0,0,1,1,1,0
2020-02-26 18:00:00,ITA,4,P.A. Bolzano,46.49933453,11.35662422,1,0,1,0,1,0,0,0,0,0,1,0,1,0
2020-02-27 18:00:00,ITA,4,P.A. Bolzano,46.49933453,11.35662422,1,0,1,0,1,0,0,0,0,0,1,0,2,1
2020-02-28 18:00:00,ITA,4,P.A. Bolzano,46.49933453,11.35662422,1,0,1,0,1,0,0,0,0,0,1,0,2,0
2020-02-29 17:00:00,ITA,4,P.A. Bolzano,46.49933453,11.35662422,1,0,1,0,1,0,0,0,0,0,1,0,16,14
2020-03-01 17:00:00,ITA,4,P.A. Bolzano,46.49933453,11.35662422,1,0,1,0,1,0,0,0,0,0,1,0,20,4
2020-03-02 18:00:00,ITA,4,P.A. Bolzano,46.49933453,11.35662422,1,0,1,0,1,0,0,0,0,0,1,0,20,0
2020-03-03 18:00:00,ITA,4,P.A. Bolzano,46.49933453,11.35662422,1,0,1,0,1,0,0,0,0,0,1,0,20,0
2020-03-04 17:00:00,ITA,4,P.A. Bolzano,46.49933453,11.35662422,1,0,1,0,1,0,0,0,0,0,1,0,20,0
2020-03-05 17:00:00,ITA,4,P.A. Bolzano,46.49933453,11.35662422,1,0,1,0,1,0,0,0,0,0,1,0,20,0
2020-03-06 17:00:00,ITA,4,P.A. Bolzano,46.49933453,11.35662422,4,0,4,0,4,3,0,0,0,0,4,3,36,16
2020-03-07 18:00:00,ITA,4,P.A. Bolzano,46.49933453,11.35662422,8,0,8,1,9,5,0,0,0,0,9,5,36,0
2020-03-08 18:00:00,ITA,4,P.A. Bolzano,46.49933453,11.35662422,8,0,8,1,9,0,0,0,0,0,9,0,36,0
2020-03-09 18:00:00,ITA,4,P.A. Bolzano,46.49933453,11.35662422,8,0,8,1,9,0,0,0,0,0,9,0,36,0
2020-03-10 18:00:00,ITA,4,P.A. Bolzano,46.49933453,11.35662422,17,1,18,20,38,29,0,0,0,0,38,29,36,0
2020-03-11 17:00:00,ITA,4,P.A. Bolzano,46.49933453,11.35662422,8,4,12,63,75,37,0,0,0,0,75,37,75,39
2020-03-12 17:00:00,ITA,4,P.A. Bolzano,46.49933453,11.35662422,21,4,25,78,103,28,0,0,1,1,104,29,607,532
2020-03-13 17:00:00,ITA,4,P.A. Bolzano,46.49933453,11.35662422,20,5,25,98,123,20,0,0,2,1,125,21,811,204
2020-03-14 17:00:00,ITA,4,P.A. Bolzano,46.49933453,11.35662422,26,7,33,137,170,47,0,0,3,1,173,48,1135,324
2020-03-15 17:00:00,ITA,4,P.A. Bolzano,46.49933453,11.35662422,50,4,54,145,199,29,0,0,5,2,204,31,1497,362
2020-03-16 17:00:00,ITA,4,P.A. Bolzano,46.49933453,11.35662422,53,11,64,171,235,36,0,0,6,1,241,37,1740,243
2020-03-17 17:00:00,ITA,4,P.A. Bolzano,46.49933453,11.35662422,71,11,82,200,282,47,1,1,8,2,291,50,2149,409
2020-03-18 17:00:00,ITA,4,P.A. Bolzano,46.49933453,11.35662422,79,18,97,269,366,84,1,0,9,1,376,85,2844,695
2020-03-19 17:00:00,ITA,4,P.A. Bolzano,46.49933453,11.35662422,87,18,105,316,421,55,1,0,14,5,436,60,3568,724
2020-03-20 17:00:00,ITA,4,P.A. Bolzano,46.49933453,11.35662422,99,24,123,407,530,109,1,0,17,3,548,112,4433,865
2020-03-21 17:00:00,ITA,4,P.A. Bolzano,46.49933453,11.35662422,127,30,157,443,600,70,1,0,20,3,621,73,5179,746
2020-03-22 17:00:00,ITA,4,P.A. Bolzano,46.49933453,11.35662422,146,32,178,470,648,48,7,6,23,3,678,57,5718,539
2020-03-23 17:00:00,ITA,4,P.A. Bolzano,46.49933453,11.35662422,145,33,178,510,688,40,7,0,29,6,724,46,6084,366
2020-03-24 17:00:00,ITA,4,P.A. Bolzano,46.49933453,11.35662422,166,38,204,495,699,11,44,37,38,9,781,57,6509,425
2020-02-25 18:00:00,ITA,18,Calabria,38.90597598,16.59440194,0,0,0,0,0,0,0,0,0,0,0,0,2,1
2020-02-26 18:00:00,ITA,18,Calabria,38.90597598,16.59440194,0,0,0,0,0,0,0,0,0,0,0,0,3,1
2020-02-27 18:00:00,ITA,18,Calabria,38.90597598,16.59440194,0,0,0,0,0,0,0,0,0,0,0,0,14,11
2020-02-28 18:00:00,ITA,18,Calabria,38.90597598,16.59440194,0,0,0,1,1,1,0,0,0,0,1,1,21,7
2020-02-29 17:00:00,ITA,18,Calabria,38.90597598,16.59440194,0,0,0,1,1,0,0,0,0,0,1,0,27,6
2020-03-01 17:00:00,ITA,18,Calabria,38.90597598,16.59440194,0,0,0,1,1,0,0,0,0,0,1,0,35,8
2020-03-02 18:00:00,ITA,18,Calabria,38.90597598,16.59440194,0,0,0,1,1,0,0,0,0,0,1,0,39,4
2020-03-03 18:00:00,ITA,18,Calabria,38.90597598,16.59440194,0,0,0,1,1,0,0,0,0,0,1,0,39,0
2020-03-04 17:00:00,ITA,18,Calabria,38.90597598,16.59440194,0,0,0,1,1,0,0,0,0,0,1,0,46,7
2020-03-05 17:00:00,ITA,18,Calabria,38.90597598,16.59440194,1,0,1,1,2,1,0,0,0,0,2,1,53,7
2020-03-06 17:00:00,ITA,18,Calabria,38.90597598,16.59440194,2,0,2,2,4,2,0,0,0,0,4,2,99,46
2020-03-07 18:00:00,ITA,18,Calabria,38.90597598,16.59440194,2,0,2,2,4,0,0,0,0,0,4,0,113,14
2020-03-08 18:00:00,ITA,18,Calabria,38.90597598,16.59440194,5,0,5,4,9,5,0,0,0,0,9,5,113,0
2020-03-09 18:00:00,ITA,18,Calabria,38.90597598,16.59440194,8,0,8,1,9,0,2,2,0,0,11,2,173,60
2020-03-10 18:00:00,ITA,18,Calabria,38.90597598,16.59440194,8,2,10,1,11,2,2,0,0,0,13,2,360,187
2020-03-11 17:00:00,ITA,18,Calabria,38.90597598,16.59440194,10,2,12,5,17,6,2,0,0,0,19,6,405,45
2020-03-12 17:00:00,ITA,18,Calabria,38.90597598,16.59440194,14,2,16,16,32,15,1,-1,0,0,33,14,483,78
2020-03-13 17:00:00,ITA,18,Calabria,38.90597598,16.59440194,18,3,21,16,37,5,1,0,0,0,38,5,504,21
2020-03-14 17:00:00,ITA,18,Calabria,38.90597598,16.59440194,22,4,26,33,59,22,1,0,0,0,60,22,711,207
2020-03-15 17:00:00,ITA,18,Calabria,38.90597598,16.59440194,32,6,38,28,66,7,1,0,1,1,68,8,884,173
2020-03-16 17:00:00,ITA,18,Calabria,38.90597598,16.59440194,36,7,43,44,87,21,1,0,1,0,89,21,1030,146
2020-03-17 17:00:00,ITA,18,Calabria,38.90597598,16.59440194,45,10,55,57,112,25,1,0,1,0,114,25,1293,263
2020-03-18 17:00:00,ITA,18,Calabria,38.90597598,16.59440194,45,11,56,70,126,14,2,1,1,0,129,15,1668,375
2020-03-19 17:00:00,ITA,18,Calabria,38.90597598,16.59440194,60,13,73,91,164,38,2,0,3,2,169,40,2342,674
2020-03-20 17:00:00,ITA,18,Calabria,38.90597598,16.59440194,71,16,87,114,201,37,2,0,4,1,207,38,2690,348
2020-03-21 17:00:00,ITA,18,Calabria,38.90597598,16.59440194,73,16,89,136,225,24,5,3,5,1,235,28,3050,360
2020-03-22 17:00:00,ITA,18,Calabria,38.90597598,16.59440194,77,17,94,166,260,35,5,0,8,3,273,38,3666,616
2020-03-23 17:00:00,ITA,18,Calabria,38.90597598,16.59440194,82,20,102,178,280,20,5,0,7,-1,292,19,4073,407
2020-03-24 17:00:00,ITA,18,Calabria,38.90597598,16.59440194,88,21,109,195,304,24,5,0,10,3,319,27,4486,413
2020-02-25 18:00:00,ITA,15,Campania,40.83956555,14.25084984,0,0,0,0,0,0,0,0,0,0,0,0,10,0
2020-02-26 18:00:00,ITA,15,Campania,40.83956555,14.25084984,0,0,0,0,0,0,0,0,0,0,0,0,10,0
2020-02-27 18:00:00,ITA,15,Campania,40.83956555,14.25084984,2,0,2,1,3,3,0,0,0,0,3,3,10,0
2020-02-28 18:00:00,ITA,15,Campania,40.83956555,14.25084984,2,0,2,2,4,1,0,0,0,0,4,1,213,203
2020-02-29 17:00:00,ITA,15,Campania,40.83956555,14.25084984,3,0,3,10,13,9,0,0,0,0,13,9,373,160
2020-03-01 17:00:00,ITA,15,Campania,40.83956555,14.25084984,4,0,4,13,17,4,0,0,0,0,17,4,373,0
2020-03-02 18:00:00,ITA,15,Campania,40.83956555,14.25084984,4,0,4,13,17,0,0,0,0,0,17,0,373,0
2020-03-03 18:00:00,ITA,15,Campania,40.83956555,14.25084984,11,0,11,19,30,13,0,0,0,0,30,13,405,32
2020-03-04 17:00:00,ITA,15,Campania,40.83956555,14.25084984,11,0,11,20,31,1,0,0,0,0,31,1,429,24
2020-03-05 17:00:00,ITA,15,Campania,40.83956555,14.25084984,12,0,12,33,45,14,0,0,0,0,45,14,471,42
2020-03-06 17:00:00,ITA,15,Campania,40.83956555,14.25084984,12,0,12,45,57,12,0,0,0,0,57,12,471,0
2020-03-07 18:00:00,ITA,15,Campania,40.83956555,14.25084984,16,0,16,45,61,4,0,0,0,0,61,4,612,141
2020-03-08 18:00:00,ITA,15,Campania,40.83956555,14.25084984,30,7,37,63,100,39,1,1,0,0,101,40,980,368
2020-03-09 18:00:00,ITA,15,Campania,40.83956555,14.25084984,42,8,50,69,119,19,1,0,0,0,120,19,980,0
2020-03-10 18:00:00,ITA,15,Campania,40.83956555,14.25084984,33,8,41,85,126,7,1,0,0,0,127,7,1141,161
2020-03-11 17:00:00,ITA,15,Campania,40.83956555,14.25084984,56,11,67,82,149,23,4,3,1,1,154,27,1375,234
2020-03-12 17:00:00,ITA,15,Campania,40.83956555,14.25084984,56,11,67,107,174,25,4,0,1,0,179,25,1551,176
2020-03-13 17:00:00,ITA,15,Campania,40.83956555,14.25084984,60,19,79,134,213,39,5,1,2,1,220,41,1671,120
2020-03-14 17:00:00,ITA,15,Campania,40.83956555,14.25084984,72,17,89,154,243,30,23,18,6,4,272,52,1936,265
2020-03-15 17:00:00,ITA,15,Campania,40.83956555,14.25084984,73,22,95,201,296,53,28,5,9,3,333,61,2213,277
2020-03-16 17:00:00,ITA,15,Campania,40.83956555,14.25084984,103,22,125,238,363,67,28,0,9,0,400,67,2517,304
2020-03-17 17:00:00,ITA,15,Campania,40.83956555,14.25084984,127,24,151,272,423,60,28,0,9,0,460,60,2685,168
2020-03-18 17:00:00,ITA,15,Campania,40.83956555,14.25084984,127,24,151,272,423,0,28,0,9,0,460,0,2685,0
2020-03-19 17:00:00,ITA,15,Campania,40.83956555,14.25084984,213,36,249,356,605,182,30,2,17,8,652,192,3544,859
2020-03-20 17:00:00,ITA,15,Campania,40.83956555,14.25084984,130,41,171,531,702,97,30,0,17,0,749,97,3845,301
2020-03-21 17:00:00,ITA,15,Campania,40.83956555,14.25084984,233,87,320,473,793,91,29,-1,22,5,844,95,4448,603
2020-03-22 17:00:00,ITA,15,Campania,40.83956555,14.25084984,243,99,342,524,866,73,41,12,29,7,936,92,4943,495
2020-03-23 17:00:00,ITA,15,Campania,40.83956555,14.25084984,266,110,376,553,929,63,48,7,49,20,1026,90,5813,870
2020-03-24 17:00:00,ITA,15,Campania,40.83956555,14.25084984,345,181,526,466,992,63,53,5,56,7,1101,75,6297,484
2020-02-25 18:00:00,ITA,8,Emilia Romagna,44.49436681,11.341720800000001,15,2,17,9,26,8,0,0,0,0,26,8,391,243
2020-02-26 18:00:00,ITA,8,Emilia Romagna,44.49436681,11.341720800000001,20,3,23,23,46,20,0,0,1,1,47,21,577,186
2020-02-27 18:00:00,ITA,8,Emilia Romagna,44.49436681,11.341720800000001,36,6,42,54,96,50,0,0,1,0,97,50,1033,456
2020-02-28 18:00:00,ITA,8,Emilia Romagna,44.49436681,11.341720800000001,56,6,62,81,143,47,0,0,2,1,145,48,1277,244
2020-02-29 17:00:00,ITA,8,Emilia Romagna,44.49436681,11.341720800000001,86,11,97,116,213,70,0,0,4,2,217,72,1550,273
2020-03-01 17:00:00,ITA,8,Emilia Romagna,44.49436681,11.341720800000001,127,13,140,137,277,64,0,0,8,4,285,68,1795,245
2020-03-02 18:00:00,ITA,8,Emilia Romagna,44.49436681,11.341720800000001,148,16,164,160,324,47,0,0,11,3,335,50,1973,178
2020-03-03 18:00:00,ITA,8,Emilia Romagna,44.49436681,11.341720800000001,187,24,211,187,398,74,4,4,18,7,420,85,2012,39
2020-03-04 17:00:00,ITA,8,Emilia Romagna,44.49436681,11.341720800000001,256,26,282,234,516,118,6,2,22,4,544,124,2500,488
2020-03-05 17:00:00,ITA,8,Emilia Romagna,44.49436681,11.341720800000001,327,32,359,299,658,142,10,4,30,8,698,154,2884,384
2020-03-06 17:00:00,ITA,8,Emilia Romagna,44.49436681,11.341720800000001,397,53,450,366,816,158,17,7,37,7,870,172,3136,252
2020-03-07 18:00:00,ITA,8,Emilia Romagna,44.49436681,11.341720800000001,464,64,528,409,937,121,25,8,48,11,1010,140,3604,468
2020-03-08 18:00:00,ITA,8,Emilia Romagna,44.49436681,11.341720800000001,542,75,617,480,1097,160,27,2,56,8,1180,170,4344,740
2020-03-09 18:00:00,ITA,8,Emilia Romagna,44.49436681,11.341720800000001,576,90,666,620,1286,189,30,3,70,14,1386,206,4906,562
2020-03-10 18:00:00,ITA,8,Emilia Romagna,44.49436681,11.341720800000001,669,98,767,650,1417,131,31,1,85,15,1533,147,5494,588
2020-03-11 17:00:00,ITA,8,Emilia Romagna,44.49436681,11.341720800000001,745,104,849,739,1588,171,38,7,113,28,1739,206,6640,1146
2020-03-12 17:00:00,ITA,8,Emilia Romagna,44.49436681,11.341720800000001,814,112,926,832,1758,170,43,5,146,33,1947,208,7600,960
2020-03-13 17:00:00,ITA,8,Emilia Romagna,44.49436681,11.341720800000001,942,128,1070,941,2011,253,51,8,201,55,2263,316,8787,1187
2020-03-14 17:00:00,ITA,8,Emilia Romagna,44.49436681,11.341720800000001,1076,152,1228,1121,2349,338,54,3,241,40,2644,381,10043,1256
2020-03-15 17:00:00,ITA,8,Emilia Romagna,44.49436681,11.341720800000001,1215,169,1384,1357,2741,392,68,14,284,43,3093,449,12054,2011
2020-03-16 17:00:00,ITA,8,Emilia Romagna,44.49436681,11.341720800000001,1362,197,1559,1529,3088,347,88,20,346,62,3522,429,13096,1042
2020-03-17 17:00:00,ITA,8,Emilia Romagna,44.49436681,11.341720800000001,1566,223,1789,1615,3404,316,134,46,393,47,3931,409,14510,1414
2020-03-18 17:00:00,ITA,8,Emilia Romagna,44.49436681,11.341720800000001,1784,247,2031,1884,3915,511,152,18,458,65,4525,594,15461,951
2020-03-19 17:00:00,ITA,8,Emilia Romagna,44.49436681,11.341720800000001,1900,260,2160,2346,4506,591,177,25,531,73,5214,689,18344,2883
2020-03-20 17:00:00,ITA,8,Emilia Romagna,44.49436681,11.341720800000001,2083,267,2350,2739,5089,583,239,62,640,109,5968,754,20753,2409
2020-03-21 17:00:00,ITA,8,Emilia Romagna,44.49436681,11.341720800000001,2267,265,2532,3129,5661,572,329,90,715,75,6705,737,24620,3867
2020-03-22 17:00:00,ITA,8,Emilia Romagna,44.49436681,11.341720800000001,2429,269,2698,3692,6390,729,349,20,816,101,7555,850,28022,3402
2020-03-23 17:00:00,ITA,8,Emilia Romagna,44.49436681,11.341720800000001,2846,276,3122,4098,7220,830,423,74,892,76,8535,980,31200,3178
2020-03-24 17:00:00,ITA,8,Emilia Romagna,44.49436681,11.341720800000001,2974,291,3265,4446,7711,491,558,135,985,93,9254,719,33527,2327
2020-02-25 18:00:00,ITA,6,Friuli Venezia Giulia,45.6494354,13.76813649,0,0,0,0,0,0,0,0,0,0,0,0,89,31
2020-02-26 18:00:00,ITA,6,Friuli Venezia Giulia,45.6494354,13.76813649,0,0,0,0,0,0,0,0,0,0,0,0,114,25
2020-02-27 18:00:00,ITA,6,Friuli Venezia Giulia,45.6494354,13.76813649,0,0,0,0,0,0,0,0,0,0,0,0,141,27
2020-02-28 18:00:00,ITA,6,Friuli Venezia Giulia,45.6494354,13.76813649,0,0,0,0,0,0,0,0,0,0,0,0,169,28
2020-02-29 17:00:00,ITA,6,Friuli Venezia Giulia,45.6494354,13.76813649,0,0,0,0,0,0,0,0,0,0,0,0,189,20
2020-03-01 17:00:00,ITA,6,Friuli Venezia Giulia,45.6494354,13.76813649,0,0,0,6,6,6,0,0,0,0,6,6,243,54
2020-03-02 18:00:00,ITA,6,Friuli Venezia Giulia,45.6494354,13.76813649,0,0,0,9,9,3,0,0,0,0,9,3,269,26
2020-03-03 18:00:00,ITA,6,Friuli Venezia Giulia,45.6494354,13.76813649,1,0,1,12,13,4,0,0,0,0,13,4,354,85
2020-03-04 17:00:00,ITA,6,Friuli Venezia Giulia,45.6494354,13.76813649,3,0,3,15,18,5,0,0,0,0,18,5,376,22
2020-03-05 17:00:00,ITA,6,Friuli Venezia Giulia,45.6494354,13.76813649,4,0,4,17,21,3,0,0,0,0,21,3,397,21
2020-03-06 17:00:00,ITA,6,Friuli Venezia Giulia,45.6494354,13.76813649,4,0,4,24,28,7,3,3,0,0,31,10,577,180
2020-03-07 18:00:00,ITA,6,Friuli Venezia Giulia,45.6494354,13.76813649,7,1,8,31,39,11,3,0,0,0,42,11,577,0
2020-03-08 18:00:00,ITA,6,Friuli Venezia Giulia,45.6494354,13.76813649,7,1,8,45,53,14,3,0,1,1,57,15,997,420
2020-03-09 18:00:00,ITA,6,Friuli Venezia Giulia,45.6494354,13.76813649,18,1,19,70,89,36,3,0,1,0,93,36,1344,347
2020-03-10 18:00:00,ITA,6,Friuli Venezia Giulia,45.6494354,13.76813649,27,6,33,77,110,21,3,0,3,2,116,23,1602,258
2020-03-11 17:00:00,ITA,6,Friuli Venezia Giulia,45.6494354,13.76813649,16,5,21,89,110,0,10,7,6,3,126,10,2073,471
2020-03-12 17:00:00,ITA,6,Friuli Venezia Giulia,45.6494354,13.76813649,23,10,33,115,148,38,11,1,8,2,167,41,2604,531
2020-03-13 17:00:00,ITA,6,Friuli Venezia Giulia,45.6494354,13.76813649,59,8,67,169,236,88,11,0,10,2,257,90,3149,545
2020-03-14 17:00:00,ITA,6,Friuli Venezia Giulia,45.6494354,13.76813649,67,11,78,193,271,35,17,6,13,3,301,44,3376,227
2020-03-15 17:00:00,ITA,6,Friuli Venezia Giulia,45.6494354,13.76813649,98,12,110,206,316,45,17,0,14,1,347,46,3407,31
2020-03-16 17:00:00,ITA,6,Friuli Venezia Giulia,45.6494354,13.76813649,96,19,115,231,346,30,18,1,22,8,386,39,4851,1444
2020-03-17 17:00:00,ITA,6,Friuli Venezia Giulia,45.6494354,13.76813649,104,21,125,222,347,1,17,-1,30,8,394,8,4958,107
2020-03-18 17:00:00,ITA,6,Friuli Venezia Giulia,45.6494354,13.76813649,128,27,155,261,416,69,15,-2,31,1,462,68,4958,0
2020-03-19 17:00:00,ITA,6,Friuli Venezia Giulia,45.6494354,13.76813649,134,29,163,359,522,106,41,26,36,5,599,137,4052,-906
2020-03-20 17:00:00,ITA,6,Friuli Venezia Giulia,45.6494354,13.76813649,143,32,175,380,555,33,63,22,38,2,656,57,4964,912
2020-03-21 17:00:00,ITA,6,Friuli Venezia Giulia,45.6494354,13.76813649,152,37,189,477,666,111,82,19,42,4,790,134,5955,991
2020-03-22 17:00:00,ITA,6,Friuli Venezia Giulia,45.6494354,13.76813649,163,47,210,528,738,72,89,7,47,5,874,84,6761,806
2020-03-23 17:00:00,ITA,6,Friuli Venezia Giulia,45.6494354,13.76813649,185,41,226,545,771,33,105,16,54,7,930,56,7424,663
2020-03-24 17:00:00,ITA,6,Friuli Venezia Giulia,45.6494354,13.76813649,195,49,244,604,848,77,80,-25,64,10,992,62,8526,1102
2020-02-25 18:00:00,ITA,12,Lazio,41.89277044,12.48366722,1,1,2,0,2,0,1,0,0,0,3,0,124,0
2020-02-26 18:00:00,ITA,12,Lazio,41.89277044,12.48366722,0,0,0,0,0,-2,3,2,0,0,3,0,124,0
2020-02-27 18:00:00,ITA,12,Lazio,41.89277044,12.48366722,0,0,0,0,0,0,3,0,0,0,3,0,552,428
2020-02-28 18:00:00,ITA,12,Lazio,41.89277044,12.48366722,0,0,0,0,0,0,3,0,0,0,3,0,611,59
2020-02-29 17:00:00,ITA,12,Lazio,41.89277044,12.48366722,3,0,3,0,3,3,3,0,0,0,6,3,679,68
2020-03-01 17:00:00,ITA,12,Lazio,41.89277044,12.48366722,3,0,3,0,3,0,3,0,0,0,6,0,724,45
2020-03-02 18:00:00,ITA,12,Lazio,41.89277044,12.48366722,3,0,3,1,4,1,3,0,0,0,7,1,773,49
2020-03-03 18:00:00,ITA,12,Lazio,41.89277044,12.48366722,10,0,10,1,11,7,3,0,0,0,14,7,877,104
2020-03-04 17:00:00,ITA,12,Lazio,41.89277044,12.48366722,15,3,18,9,27,16,3,0,0,0,30,16,995,118
2020-03-05 17:00:00,ITA,12,Lazio,41.89277044,12.48366722,20,7,27,14,41,14,3,0,0,0,44,14,1175,180
2020-03-06 17:00:00,ITA,12,Lazio,41.89277044,12.48366722,26,8,34,16,50,9,3,0,1,1,54,10,1373,198
2020-03-07 18:00:00,ITA,12,Lazio,41.89277044,12.48366722,43,8,51,21,72,22,3,0,1,0,76,22,1582,209
2020-03-08 18:00:00,ITA,12,Lazio,41.89277044,12.48366722,47,8,55,26,81,9,3,0,3,2,87,11,1929,347
2020-03-09 18:00:00,ITA,12,Lazio,41.89277044,12.48366722,55,8,63,31,94,13,3,0,5,2,102,15,1929,0
2020-03-10 18:00:00,ITA,12,Lazio,41.89277044,12.48366722,50,15,65,34,99,5,11,8,6,1,116,14,3591,1662
2020-03-11 17:00:00,ITA,12,Lazio,41.89277044,12.48366722,67,18,85,40,125,26,19,8,6,0,150,34,3591,0
2020-03-12 17:00:00,ITA,12,Lazio,41.89277044,12.48366722,85,20,105,67,172,47,19,0,9,3,200,50,5592,2001
2020-03-13 17:00:00,ITA,12,Lazio,41.89277044,12.48366722,122,24,146,96,242,70,24,5,11,2,277,77,6491,899
2020-03-14 17:00:00,ITA,12,Lazio,41.89277044,12.48366722,181,25,206,114,320,78,24,0,13,2,357,80,7335,844
2020-03-15 17:00:00,ITA,12,Lazio,41.89277044,12.48366722,223,31,254,142,396,76,24,0,16,3,436,79,8345,1010
2020-03-16 17:00:00,ITA,12,Lazio,41.89277044,12.48366722,267,31,298,174,472,76,32,8,19,3,523,87,9330,985
2020-03-17 17:00:00,ITA,12,Lazio,41.89277044,12.48366722,314,44,358,192,550,78,34,2,23,4,607,84,9436,106
2020-03-18 17:00:00,ITA,12,Lazio,41.89277044,12.48366722,374,44,418,232,650,100,42,8,32,9,724,117,11145,1709
2020-03-19 17:00:00,ITA,12,Lazio,41.89277044,12.48366722,426,45,471,270,741,91,44,2,38,6,823,99,11145,0
2020-03-20 17:00:00,ITA,12,Lazio,41.89277044,12.48366722,537,47,584,328,912,171,53,9,43,5,1008,185,13889,2744
2020-03-21 17:00:00,ITA,12,Lazio,41.89277044,12.48366722,591,70,661,425,1086,174,54,1,50,7,1190,182,13889,0
2020-03-22 17:00:00,ITA,12,Lazio,41.89277044,12.48366722,671,79,750,522,1272,186,58,4,53,3,1383,193,17845,3956
2020-03-23 17:00:00,ITA,12,Lazio,41.89277044,12.48366722,718,96,814,600,1414,142,63,5,63,10,1540,157,18371,526
2020-03-24 17:00:00,ITA,12,Lazio,41.89277044,12.48366722,747,94,841,704,1545,131,103,40,80,17,1728,188,18371,0
2020-02-25 18:00:00,ITA,7,Liguria,44.41149315,8.9326992,1,0,1,0,1,1,0,0,0,0,1,1,39,38
2020-02-26 18:00:00,ITA,7,Liguria,44.41149315,8.9326992,6,0,6,5,11,10,0,0,0,0,11,10,66,27
2020-02-27 18:00:00,ITA,7,Liguria,44.41149315,8.9326992,9,0,9,10,19,8,0,0,0,0,19,8,78,12
2020-02-28 18:00:00,ITA,7,Liguria,44.41149315,8.9326992,9,0,9,10,19,0,0,0,0,0,19,0,112,34
2020-02-29 17:00:00,ITA,7,Liguria,44.41149315,8.9326992,4,1,5,33,38,19,4,4,0,0,42,23,121,9
2020-03-01 17:00:00,ITA,7,Liguria,44.41149315,8.9326992,12,1,13,8,21,-17,4,0,0,0,25,-17,121,0
2020-03-02 18:00:00,ITA,7,Liguria,44.41149315,8.9326992,12,1,13,5,18,-3,4,0,0,0,22,-3,121,0
2020-03-03 18:00:00,ITA,7,Liguria,44.41149315,8.9326992,12,2,14,5,19,1,4,0,1,1,24,2,121,0
2020-03-04 17:00:00,ITA,7,Liguria,44.41149315,8.9326992,10,3,13,8,21,2,4,0,1,0,26,2,133,12
2020-03-05 17:00:00,ITA,7,Liguria,44.41149315,8.9326992,11,3,14,7,21,0,4,0,3,2,28,2,146,13
2020-03-06 17:00:00,ITA,7,Liguria,44.41149315,8.9326992,12,5,17,7,24,3,5,1,3,0,32,4,229,83
2020-03-07 18:00:00,ITA,7,Liguria,44.41149315,8.9326992,26,6,32,10,42,18,5,0,4,1,51,19,331,102
2020-03-08 18:00:00,ITA,7,Liguria,44.41149315,8.9326992,39,11,50,17,67,25,5,0,6,2,78,27,401,70
2020-03-09 18:00:00,ITA,7,Liguria,44.41149315,8.9326992,60,17,77,20,97,30,5,0,7,1,109,31,611,210
2020-03-10 18:00:00,ITA,7,Liguria,44.41149315,8.9326992,57,29,86,42,128,31,5,0,8,1,141,32,694,83
2020-03-11 17:00:00,ITA,7,Liguria,44.41149315,8.9326992,74,34,108,73,181,53,5,0,8,0,194,53,1025,331
2020-03-12 17:00:00,ITA,7,Liguria,44.41149315,8.9326992,100,36,136,107,243,62,20,15,11,3,274,80,1174,149
2020-03-13 17:00:00,ITA,7,Liguria,44.41149315,8.9326992,128,44,172,132,304,61,24,4,17,6,345,71,1442,268
2020-03-14 17:00:00,ITA,7,Liguria,44.41149315,8.9326992,213,62,275,109,384,80,52,28,27,10,463,118,1750,308
2020-03-15 17:00:00,ITA,7,Liguria,44.41149315,8.9326992,253,66,319,174,493,109,33,-19,33,6,559,96,1973,223
2020-03-16 17:00:00,ITA,7,Liguria,44.41149315,8.9326992,255,73,328,247,575,82,42,9,50,17,667,108,2189,216
2020-03-17 17:00:00,ITA,7,Liguria,44.41149315,8.9326992,299,85,384,277,661,86,57,15,60,10,778,111,2509,320
2020-03-18 17:00:00,ITA,7,Liguria,44.41149315,8.9326992,401,100,501,243,744,83,70,13,73,13,887,109,2912,403
2020-03-19 17:00:00,ITA,7,Liguria,44.41149315,8.9326992,491,112,603,280,883,139,85,15,91,18,1059,172,3348,436
2020-03-20 17:00:00,ITA,7,Liguria,44.41149315,8.9326992,573,121,694,307,1001,118,101,16,119,28,1221,162,3794,446
2020-03-21 17:00:00,ITA,7,Liguria,44.41149315,8.9326992,598,129,727,432,1159,158,125,24,152,33,1436,215,4304,510
2020-03-22 17:00:00,ITA,7,Liguria,44.41149315,8.9326992,736,132,868,483,1351,192,143,18,171,19,1665,229,4995,691
2020-03-23 17:00:00,ITA,7,Liguria,44.41149315,8.9326992,761,133,894,659,1553,202,159,16,212,41,1924,259,5538,543
2020-03-24 17:00:00,ITA,7,Liguria,44.41149315,8.9326992,803,147,950,742,1692,139,193,34,231,19,2116,192,5992,454
2020-02-25 18:00:00,ITA,3,Lombardia,45.46679409,9.190347404,79,25,104,127,231,65,0,0,9,3,240,68,3700,2237
2020-02-26 18:00:00,ITA,3,Lombardia,45.46679409,9.190347404,79,25,104,145,249,18,0,0,9,0,258,18,3208,-492
2020-02-27 18:00:00,ITA,3,Lombardia,45.46679409,9.190347404,172,41,213,136,349,100,40,40,14,5,403,145,3320,112
2020-02-28 18:00:00,ITA,3,Lombardia,45.46679409,9.190347404,235,47,282,192,474,125,40,0,17,3,531,128,4835,1515
2020-02-29 17:00:00,ITA,3,Lombardia,45.46679409,9.190347404,256,80,336,216,552,78,40,0,23,6,615,84,5723,888
2020-03-01 17:00:00,ITA,3,Lombardia,45.46679409,9.190347404,406,106,512,375,887,335,73,33,24,1,984,369,6879,1156
2020-03-02 18:00:00,ITA,3,Lombardia,45.46679409,9.190347404,478,127,605,472,1077,190,139,66,38,14,1254,270,7925,1046
2020-03-03 18:00:00,ITA,3,Lombardia,45.46679409,9.190347404,698,167,865,461,1326,249,139,0,55,17,1520,266,9577,1652
2020-03-04 17:00:00,ITA,3,Lombardia,45.46679409,9.190347404,877,209,1086,411,1497,171,250,111,73,18,1820,300,12138,2561
2020-03-05 17:00:00,ITA,3,Lombardia,45.46679409,9.190347404,1169,244,1413,364,1777,280,376,126,98,25,2251,431,12354,216
2020-03-06 17:00:00,ITA,3,Lombardia,45.46679409,9.190347404,1622,309,1931,77,2008,231,469,93,135,37,2612,361,13556,1202
2020-03-07 18:00:00,ITA,3,Lombardia,45.46679409,9.190347404,1661,359,2020,722,2742,734,524,55,154,19,3420,808,15778,2222
2020-03-08 18:00:00,ITA,3,Lombardia,45.46679409,9.190347404,2217,399,2616,756,3372,630,550,26,267,113,4189,769,18534,2756
2020-03-09 18:00:00,ITA,3,Lombardia,45.46679409,9.190347404,2802,440,3242,1248,4490,1118,646,96,333,66,5469,1280,20135,1601
2020-03-10 18:00:00,ITA,3,Lombardia,45.46679409,9.190347404,3319,466,3785,642,4427,-63,896,250,468,135,5791,322,21479,1344
2020-03-11 17:00:00,ITA,3,Lombardia,45.46679409,9.190347404,3852,560,4412,1351,5763,1336,900,4,617,149,7280,1489,25629,4150
2020-03-12 17:00:00,ITA,3,Lombardia,45.46679409,9.190347404,4247,605,4852,2044,6896,1133,1085,185,744,127,8725,1445,29534,3905
2020-03-13 17:00:00,ITA,3,Lombardia,45.46679409,9.190347404,4435,650,5085,2647,7732,836,1198,113,890,146,9820,1095,32700,3166
2020-03-14 17:00:00,ITA,3,Lombardia,45.46679409,9.190347404,4898,732,5630,3429,9059,1327,1660,462,966,76,11685,1865,37138,4438
2020-03-15 17:00:00,ITA,3,Lombardia,45.46679409,9.190347404,5500,767,6267,3776,10043,984,2011,351,1218,252,13272,1587,40369,3231
2020-03-16 17:00:00,ITA,3,Lombardia,45.46679409,9.190347404,6171,823,6994,3867,10861,818,2368,357,1420,202,14649,1377,43565,3196
2020-03-17 17:00:00,ITA,3,Lombardia,45.46679409,9.190347404,6953,879,7832,4263,12095,1234,2485,117,1640,220,16220,1571,46449,2884
2020-03-18 17:00:00,ITA,3,Lombardia,45.46679409,9.190347404,7285,924,8209,4057,12266,171,3488,1003,1959,319,17713,1493,48983,2534
2020-03-19 17:00:00,ITA,3,Lombardia,45.46679409,9.190347404,7387,1006,8393,5545,13938,1672,3778,290,2168,209,19884,2171,52244,3261
2020-03-20 17:00:00,ITA,3,Lombardia,45.46679409,9.190347404,7735,1050,8785,6635,15420,1482,4295,517,2549,381,22264,2380,57174,4930
2020-03-21 17:00:00,ITA,3,Lombardia,45.46679409,9.190347404,8258,1093,9351,8019,17370,1950,5050,755,3095,546,25515,3251,66730,9556
2020-03-22 17:00:00,ITA,3,Lombardia,45.46679409,9.190347404,9439,1142,10581,7304,17885,515,5865,815,3456,361,27206,1691,70598,3868
2020-03-23 17:00:00,ITA,3,Lombardia,45.46679409,9.190347404,9266,1183,10449,8461,18910,1025,6075,210,3776,320,28761,1555,73242,2644
2020-03-24 17:00:00,ITA,3,Lombardia,45.46679409,9.190347404,9711,1194,10905,8963,19868,958,6657,582,4178,402,30703,1942,76695,3453
2020-02-25 18:00:00,ITA,11,Marche,43.61675973,13.5188753,0,0,0,0,0,0,0,0,0,0,0,0,21,5
2020-02-26 18:00:00,ITA,11,Marche,43.61675973,13.5188753,1,0,1,0,1,1,0,0,0,0,1,1,28,7
2020-02-27 18:00:00,ITA,11,Marche,43.61675973,13.5188753,2,1,3,0,3,2,0,0,0,0,3,2,46,18
2020-02-28 18:00:00,ITA,11,Marche,43.61675973,13.5188753,3,2,5,1,6,3,0,0,0,0,6,3,47,1
2020-02-29 17:00:00,ITA,11,Marche,43.61675973,13.5188753,6,2,8,3,11,5,0,0,0,0,11,5,68,21
2020-03-01 17:00:00,ITA,11,Marche,43.61675973,13.5188753,12,5,17,8,25,14,0,0,0,0,25,14,101,33
2020-03-02 18:00:00,ITA,11,Marche,43.61675973,13.5188753,17,6,23,11,34,9,0,0,1,1,35,10,137,36
2020-03-03 18:00:00,ITA,11,Marche,43.61675973,13.5188753,27,13,40,19,59,25,0,0,2,1,61,26,200,63
2020-03-04 17:00:00,ITA,11,Marche,43.61675973,13.5188753,34,15,49,31,80,21,0,0,4,2,84,23,288,88
2020-03-05 17:00:00,ITA,11,Marche,43.61675973,13.5188753,57,19,76,44,120,40,0,0,4,0,124,40,413,125
2020-03-06 17:00:00,ITA,11,Marche,43.61675973,13.5188753,73,20,93,62,155,35,0,0,4,0,159,35,585,172
2020-03-07 18:00:00,ITA,11,Marche,43.61675973,13.5188753,94,36,130,71,201,46,0,0,6,2,207,48,816,231
2020-03-08 18:00:00,ITA,11,Marche,43.61675973,13.5188753,110,41,151,114,265,64,0,0,7,1,272,65,1025,209
2020-03-09 18:00:00,ITA,11,Marche,43.61675973,13.5188753,136,47,183,130,313,48,0,0,10,3,323,51,1250,225
2020-03-10 18:00:00,ITA,11,Marche,43.61675973,13.5188753,152,54,206,175,381,68,0,0,13,3,394,71,1437,187
2020-03-11 17:00:00,ITA,11,Marche,43.61675973,13.5188753,212,66,278,183,461,80,0,0,18,5,479,85,1656,219
2020-03-12 17:00:00,ITA,11,Marche,43.61675973,13.5188753,254,76,330,240,570,109,0,0,22,4,592,113,1907,251
2020-03-13 17:00:00,ITA,11,Marche,43.61675973,13.5188753,337,85,422,276,698,128,0,0,27,5,725,133,2218,311
2020-03-14 17:00:00,ITA,11,Marche,43.61675973,13.5188753,449,93,542,321,863,165,0,0,36,9,899,174,2561,343
2020-03-15 17:00:00,ITA,11,Marche,43.61675973,13.5188753,521,98,619,468,1087,224,0,0,46,10,1133,234,2946,385
2020-03-16 17:00:00,ITA,11,Marche,43.61675973,13.5188753,528,110,638,547,1185,98,0,0,57,11,1242,109,3225,279
2020-03-17 17:00:00,ITA,11,Marche,43.61675973,13.5188753,599,109,708,594,1302,117,0,0,69,12,1371,129,3225,0
2020-03-18 17:00:00,ITA,11,Marche,43.61675973,13.5188753,638,119,757,719,1476,174,0,0,92,23,1568,197,4109,884
2020-03-19 17:00:00,ITA,11,Marche,43.61675973,13.5188753,656,141,797,825,1622,146,0,0,115,23,1737,169,4512,403
2020-03-20 17:00:00,ITA,11,Marche,43.61675973,13.5188753,704,138,842,1002,1844,222,0,0,137,22,1981,244,5170,658
2020-03-21 17:00:00,ITA,11,Marche,43.61675973,13.5188753,742,141,883,1114,1997,153,2,2,154,17,2153,172,5740,570
2020-03-22 17:00:00,ITA,11,Marche,43.61675973,13.5188753,816,138,954,1277,2231,234,6,4,184,30,2421,268,6391,651
2020-03-23 17:00:00,ITA,11,Marche,43.61675973,13.5188753,882,148,1030,1328,2358,127,8,2,203,19,2569,148,6782,391
2020-03-24 17:00:00,ITA,11,Marche,43.61675973,13.5188753,862,149,1011,1486,2497,139,8,0,231,28,2736,167,7229,447
2020-02-25 18:00:00,ITA,14,Molise,41.55774754,14.65916051,0,0,0,0,0,0,0,0,0,0,0,0,0,0
2020-02-26 18:00:00,ITA,14,Molise,41.55774754,14.65916051,0,0,0,0,0,0,0,0,0,0,0,0,0,0
2020-02-27 18:00:00,ITA,14,Molise,41.55774754,14.65916051,0,0,0,0,0,0,0,0,0,0,0,0,0,0
2020-02-28 18:00:00,ITA,14,Molise,41.55774754,14.65916051,0,0,0,0,0,0,0,0,0,0,0,0,0,0
2020-02-29 17:00:00,ITA,14,Molise,41.55774754,14.65916051,0,0,0,0,0,0,0,0,0,0,0,0,0,0
2020-03-01 17:00:00,ITA,14,Molise,41.55774754,14.65916051,0,0,0,0,0,0,0,0,0,0,0,0,6,6
2020-03-02 18:00:00,ITA,14,Molise,41.55774754,14.65916051,0,0,0,0,0,0,0,0,0,0,0,0,13,7
2020-03-03 18:00:00,ITA,14,Molise,41.55774754,14.65916051,3,0,3,0,3,3,0,0,0,0,3,3,13,0
2020-03-04 17:00:00,ITA,14,Molise,41.55774754,14.65916051,3,0,3,0,3,0,0,0,0,0,3,0,19,6
2020-03-05 17:00:00,ITA,14,Molise,41.55774754,14.65916051,4,0,4,3,7,4,0,0,0,0,7,4,24,5
2020-03-06 17:00:00,ITA,14,Molise,41.55774754,14.65916051,3,2,5,7,12,5,0,0,0,0,12,5,104,80
2020-03-07 18:00:00,ITA,14,Molise,41.55774754,14.65916051,3,2,5,9,14,2,0,0,0,0,14,2,112,8
2020-03-08 18:00:00,ITA,14,Molise,41.55774754,14.65916051,4,2,6,8,14,0,0,0,0,0,14,0,116,4
2020-03-09 18:00:00,ITA,14,Molise,41.55774754,14.65916051,4,2,6,8,14,0,0,0,0,0,14,0,212,96
2020-03-10 18:00:00,ITA,14,Molise,41.55774754,14.65916051,3,3,6,9,15,1,0,0,0,0,15,1,225,13
2020-03-11 17:00:00,ITA,14,Molise,41.55774754,14.65916051,4,3,7,9,16,1,0,0,0,0,16,1,233,8
2020-03-12 17:00:00,ITA,14,Molise,41.55774754,14.65916051,4,3,7,9,16,0,0,0,0,0,16,0,238,5
2020-03-13 17:00:00,ITA,14,Molise,41.55774754,14.65916051,5,3,8,9,17,1,0,0,0,0,17,1,243,5
2020-03-14 17:00:00,ITA,14,Molise,41.55774754,14.65916051,5,3,8,9,17,0,0,0,0,0,17,0,247,4
2020-03-15 17:00:00,ITA,14,Molise,41.55774754,14.65916051,3,4,7,10,17,0,0,0,0,0,17,0,248,1
2020-03-16 17:00:00,ITA,14,Molise,41.55774754,14.65916051,3,5,8,7,15,-2,5,5,1,1,21,4,253,5
2020-03-17 17:00:00,ITA,14,Molise,41.55774754,14.65916051,7,5,12,7,19,4,5,0,1,0,25,4,301,48
2020-03-18 17:00:00,ITA,14,Molise,41.55774754,14.65916051,7,6,13,8,21,2,6,1,1,0,28,3,361,60
2020-03-19 17:00:00,ITA,14,Molise,41.55774754,14.65916051,19,6,25,13,38,17,6,0,2,1,46,18,426,65
2020-03-20 17:00:00,ITA,14,Molise,41.55774754,14.65916051,20,6,26,13,39,1,6,0,5,3,50,4,426,0
2020-03-21 17:00:00,ITA,14,Molise,41.55774754,14.65916051,21,6,27,20,47,8,7,1,7,2,61,11,449,23
2020-03-22 17:00:00,ITA,14,Molise,41.55774754,14.65916051,24,7,31,21,52,5,7,0,7,0,66,5,532,83
2020-03-23 17:00:00,ITA,14,Molise,41.55774754,14.65916051,25,7,32,18,50,-2,10,3,7,0,67,1,532,0
2020-03-24 17:00:00,ITA,14,Molise,41.55774754,14.65916051,27,7,34,21,55,5,10,0,8,1,73,6,572,40
2020-02-25 18:00:00,ITA,1,Piemonte,45.0732745,7.680687483,2,0,2,1,3,0,0,0,0,0,3,0,141,0
2020-02-26 18:00:00,ITA,1,Piemonte,45.0732745,7.680687483,2,0,2,1,3,0,0,0,0,0,3,0,156,15
2020-02-27 18:00:00,ITA,1,Piemonte,45.0732745,7.680687483,2,0,2,0,2,-1,0,0,0,0,2,-1,156,0
2020-02-28 18:00:00,ITA,1,Piemonte,45.0732745,7.680687483,7,0,7,4,11,9,0,0,0,0,11,9,227,71
2020-02-29 17:00:00,ITA,1,Piemonte,45.0732745,7.680687483,7,0,7,4,11,0,0,0,0,0,11,0,308,81
2020-03-01 17:00:00,ITA,1,Piemonte,45.0732745,7.680687483,11,2,13,36,49,38,0,0,0,0,49,38,362,54
2020-03-02 18:00:00,ITA,1,Piemonte,45.0732745,7.680687483,12,2,14,37,51,2,0,0,0,0,51,2,434,72
2020-03-03 18:00:00,ITA,1,Piemonte,45.0732745,7.680687483,13,3,16,40,56,5,0,0,0,0,56,5,458,24
2020-03-04 17:00:00,ITA,1,Piemonte,45.0732745,7.680687483,26,13,39,43,82,26,0,0,0,0,82,26,543,85
2020-03-05 17:00:00,ITA,1,Piemonte,45.0732745,7.680687483,43,17,60,46,106,24,0,0,2,2,108,26,543,0
2020-03-06 17:00:00,ITA,1,Piemonte,45.0732745,7.680687483,57,30,87,52,139,33,0,0,4,2,143,35,793,250
2020-03-07 18:00:00,ITA,1,Piemonte,45.0732745,7.680687483,110,38,148,54,202,63,0,0,5,1,207,64,1046,253
2020-03-08 18:00:00,ITA,1,Piemonte,45.0732745,7.680687483,245,45,290,65,355,153,0,0,5,0,360,153,1636,590
2020-03-09 18:00:00,ITA,1,Piemonte,45.0732745,7.680687483,222,50,272,65,337,-18,0,0,13,8,350,-10,1681,45
2020-03-10 18:00:00,ITA,1,Piemonte,45.0732745,7.680687483,306,66,372,64,436,99,0,0,17,4,453,103,2374,693
2020-03-11 17:00:00,ITA,1,Piemonte,45.0732745,7.680687483,319,75,394,86,480,44,0,0,21,4,501,48,2431,57
2020-03-12 17:00:00,ITA,1,Piemonte,45.0732745,7.680687483,368,97,465,89,554,74,0,0,26,5,580,79,2879,448
2020-03-13 17:00:00,ITA,1,Piemonte,45.0732745,7.680687483,556,135,691,103,794,240,0,0,46,20,840,260,3105,226
2020-03-14 17:00:00,ITA,1,Piemonte,45.0732745,7.680687483,538,150,688,126,814,20,0,0,59,13,873,33,3680,575
2020-03-15 17:00:00,ITA,1,Piemonte,45.0732745,7.680687483,726,171,897,133,1030,216,0,0,81,22,1111,238,4375,695
2020-03-16 17:00:00,ITA,1,Piemonte,45.0732745,7.680687483,1045,186,1231,174,1405,375,0,0,111,30,1516,405,5588,1213
2020-03-17 17:00:00,ITA,1,Piemonte,45.0732745,7.680687483,1378,206,1584,180,1764,359,0,0,133,22,1897,381,6543,955
2020-03-18 17:00:00,ITA,1,Piemonte,45.0732745,7.680687483,1780,227,2007,180,2187,423,0,0,154,21,2341,444,7516,973
2020-03-19 17:00:00,ITA,1,Piemonte,45.0732745,7.680687483,2279,257,2536,218,2754,567,3,3,175,21,2932,591,8853,1337
2020-03-20 17:00:00,ITA,1,Piemonte,45.0732745,7.680687483,1541,280,1821,1423,3244,490,8,5,209,34,3461,529,9975,1122
2020-03-21 17:00:00,ITA,1,Piemonte,45.0732745,7.680687483,1976,301,2277,1229,3506,262,8,0,238,29,3752,291,10701,726
2020-03-22 17:00:00,ITA,1,Piemonte,45.0732745,7.680687483,2118,308,2426,1701,4127,621,10,2,283,45,4420,668,12701,2000
2020-03-23 17:00:00,ITA,1,Piemonte,45.0732745,7.680687483,2194,343,2537,1992,4529,402,17,7,315,32,4861,441,13560,859
2020-03-24 17:00:00,ITA,1,Piemonte,45.0732745,7.680687483,2404,360,2764,2360,5124,595,17,0,374,59,5515,654,15469,1909
2020-02-25 18:00:00,ITA,16,Puglia,41.12559576,16.86736689,0,0,0,0,0,0,0,0,0,0,0,0,0,0
2020-02-26 18:00:00,ITA,16,Puglia,41.12559576,16.86736689,0,0,0,0,0,0,0,0,0,0,0,0,0,0
2020-02-27 18:00:00,ITA,16,Puglia,41.12559576,16.86736689,1,0,1,0,1,1,0,0,0,0,1,1,0,0
2020-02-28 18:00:00,ITA,16,Puglia,41.12559576,16.86736689,1,0,1,2,3,2,0,0,0,0,3,2,242,242
2020-02-29 17:00:00,ITA,16,Puglia,41.12559576,16.86736689,1,0,1,2,3,0,0,0,0,0,3,0,252,10
2020-03-01 17:00:00,ITA,16,Puglia,41.12559576,16.86736689,1,0,1,2,3,0,0,0,0,0,3,0,262,10
2020-03-02 18:00:00,ITA,16,Puglia,41.12559576,16.86736689,2,0,2,2,4,1,0,0,0,0,4,1,278,16
2020-03-03 18:00:00,ITA,16,Puglia,41.12559576,16.86736689,2,0,2,4,6,2,0,0,0,0,6,2,298,20
2020-03-04 17:00:00,ITA,16,Puglia,41.12559576,16.86736689,4,0,4,3,7,1,1,1,1,1,9,3,322,24
2020-03-05 17:00:00,ITA,16,Puglia,41.12559576,16.86736689,5,1,6,6,12,5,1,0,1,0,14,5,359,37
2020-03-06 17:00:00,ITA,16,Puglia,41.12559576,16.86736689,5,1,6,9,15,3,1,0,1,0,17,3,395,36
2020-03-07 18:00:00,ITA,16,Puglia,41.12559576,16.86736689,9,2,11,12,23,8,1,0,2,1,26,9,395,0
2020-03-08 18:00:00,ITA,16,Puglia,41.12559576,16.86736689,17,3,20,16,36,13,1,0,3,1,40,14,627,232
2020-03-09 18:00:00,ITA,16,Puglia,41.12559576,16.86736689,20,6,26,20,46,10,1,0,3,0,50,10,685,58
2020-03-10 18:00:00,ITA,16,Puglia,41.12559576,16.86736689,28,6,34,21,55,9,1,0,3,0,59,9,747,62
2020-03-11 17:00:00,ITA,16,Puglia,41.12559576,16.86736689,38,4,42,29,71,16,1,0,5,2,77,18,909,162
2020-03-12 17:00:00,ITA,16,Puglia,41.12559576,16.86736689,58,2,60,38,98,27,1,0,5,0,104,27,1269,360
2020-03-13 17:00:00,ITA,16,Puglia,41.12559576,16.86736689,77,2,79,42,121,23,3,2,5,0,129,25,1449,180
2020-03-14 17:00:00,ITA,16,Puglia,41.12559576,16.86736689,91,6,97,59,156,35,2,-1,8,3,166,37,1681,232
2020-03-15 17:00:00,ITA,16,Puglia,41.12559576,16.86736689,116,6,122,90,212,56,2,0,16,8,230,64,2017,336
2020-03-16 17:00:00,ITA,16,Puglia,41.12559576,16.86736689,116,6,122,90,212,0,2,0,16,0,230,0,2017,0
2020-03-17 17:00:00,ITA,16,Puglia,41.12559576,16.86736689,155,14,169,151,320,108,2,0,18,2,340,110,3077,1060
2020-03-18 17:00:00,ITA,16,Puglia,41.12559576,16.86736689,156,30,186,176,362,42,2,0,19,1,383,43,3433,356
2020-03-19 17:00:00,ITA,16,Puglia,41.12559576,16.86736689,173,31,204,245,449,87,4,2,25,6,478,95,4046,613
2020-03-20 17:00:00,ITA,16,Puglia,41.12559576,16.86736689,191,31,222,329,551,102,4,0,26,1,581,103,4789,743
2020-03-21 17:00:00,ITA,16,Puglia,41.12559576,16.86736689,209,33,242,400,642,91,4,0,29,3,675,94,5617,828
2020-03-22 17:00:00,ITA,16,Puglia,41.12559576,16.86736689,252,37,289,459,748,106,7,3,31,2,786,111,6160,543
2020-03-23 17:00:00,ITA,16,Puglia,41.12559576,16.86736689,285,45,330,532,862,114,7,0,37,6,906,120,6761,601
2020-03-24 17:00:00,ITA,16,Puglia,41.12559576,16.86736689,317,57,374,566,940,78,21,14,44,7,1005,99,7345,584
2020-02-25 18:00:00,ITA,20,Sardegna,39.21531192,9.110616306,0,0,0,0,0,0,0,0,0,0,0,0,1,0
2020-02-26 18:00:00,ITA,20,Sardegna,39.21531192,9.110616306,0,0,0,0,0,0,0,0,0,0,0,0,1,0
2020-02-27 18:00:00,ITA,20,Sardegna,39.21531192,9.110616306,0,0,0,0,0,0,0,0,0,0,0,0,1,0
2020-02-28 18:00:00,ITA,20,Sardegna,39.21531192,9.110616306,0,0,0,0,0,0,0,0,0,0,0,0,1,0
2020-02-29 17:00:00,ITA,20,Sardegna,39.21531192,9.110616306,0,0,0,0,0,0,0,0,0,0,0,0,1,0
2020-03-01 17:00:00,ITA,20,Sardegna,39.21531192,9.110616306,0,0,0,0,0,0,0,0,0,0,0,0,29,28
2020-03-02 18:00:00,ITA,20,Sardegna,39.21531192,9.110616306,0,0,0,0,0,0,0,0,0,0,0,0,29,0
2020-03-03 18:00:00,ITA,20,Sardegna,39.21531192,9.110616306,1,0,1,0,1,1,0,0,0,0,1,1,29,0
2020-03-04 17:00:00,ITA,20,Sardegna,39.21531192,9.110616306,1,0,1,1,2,1,0,0,0,0,2,1,42,13
2020-03-05 17:00:00,ITA,20,Sardegna,39.21531192,9.110616306,2,0,2,0,2,0,0,0,0,0,2,0,50,8
2020-03-06 17:00:00,ITA,20,Sardegna,39.21531192,9.110616306,2,0,2,3,5,3,0,0,0,0,5,3,99,49
2020-03-07 18:00:00,ITA,20,Sardegna,39.21531192,9.110616306,2,0,2,3,5,0,0,0,0,0,5,0,99,0
2020-03-08 18:00:00,ITA,20,Sardegna,39.21531192,9.110616306,5,0,5,6,11,6,0,0,0,0,11,6,149,50
2020-03-09 18:00:00,ITA,20,Sardegna,39.21531192,9.110616306,8,0,8,11,19,8,0,0,0,0,19,8,185,36
2020-03-10 18:00:00,ITA,20,Sardegna,39.21531192,9.110616306,9,0,9,11,20,1,0,0,0,0,20,1,204,19
2020-03-11 17:00:00,ITA,20,Sardegna,39.21531192,9.110616306,10,0,10,27,37,17,0,0,0,0,37,17,283,79
2020-03-12 17:00:00,ITA,20,Sardegna,39.21531192,9.110616306,12,0,12,27,39,2,0,0,0,0,39,2,302,19
2020-03-13 17:00:00,ITA,20,Sardegna,39.21531192,9.110616306,12,0,12,31,43,4,0,0,0,0,43,4,504,202
2020-03-14 17:00:00,ITA,20,Sardegna,39.21531192,9.110616306,14,0,14,33,47,4,0,0,0,0,47,4,530,26
2020-03-15 17:00:00,ITA,20,Sardegna,39.21531192,9.110616306,16,0,16,59,75,28,0,0,2,2,77,30,613,83
2020-03-16 17:00:00,ITA,20,Sardegna,39.21531192,9.110616306,39,0,39,66,105,30,0,0,2,0,107,30,797,184
2020-03-17 17:00:00,ITA,20,Sardegna,39.21531192,9.110616306,36,4,40,75,115,10,0,0,2,0,117,10,1003,206
2020-03-18 17:00:00,ITA,20,Sardegna,39.21531192,9.110616306,42,7,49,83,132,17,0,0,2,0,134,17,1135,132
2020-03-19 17:00:00,ITA,20,Sardegna,39.21531192,9.110616306,43,9,52,152,204,72,0,0,2,0,206,72,1334,199
2020-03-20 17:00:00,ITA,20,Sardegna,39.21531192,9.110616306,56,15,71,217,288,84,3,3,2,0,293,87,1912,578
2020-03-21 17:00:00,ITA,20,Sardegna,39.21531192,9.110616306,65,16,81,240,321,33,5,2,4,2,330,37,2297,385
2020-03-22 17:00:00,ITA,20,Sardegna,39.21531192,9.110616306,67,16,83,244,327,6,5,0,7,3,339,9,2402,105
2020-03-23 17:00:00,ITA,20,Sardegna,39.21531192,9.110616306,76,18,94,249,343,16,5,0,11,4,359,20,2568,166
2020-03-24 17:00:00,ITA,20,Sardegna,39.21531192,9.110616306,80,19,99,296,395,52,11,6,15,4,421,62,2859,291
2020-02-25 18:00:00,ITA,19,Sicilia,38.11569725,13.362356699999998,1,0,2,2,3,3,0,0,0,0,3,3,5,0
2020-02-26 18:00:00,ITA,19,Sicilia,38.11569725,13.362356699999998,1,0,1,2,3,0,0,0,0,0,3,0,5,0
2020-02-27 18:00:00,ITA,19,Sicilia,38.11569725,13.362356699999998,1,0,1,1,2,-1,2,2,0,0,4,1,5,0
2020-02-28 18:00:00,ITA,19,Sicilia,38.11569725,13.362356699999998,1,0,1,1,2,0,2,0,0,0,4,0,5,0
2020-02-29 17:00:00,ITA,19,Sicilia,38.11569725,13.362356699999998,1,0,1,1,2,0,2,0,0,0,4,0,6,1
2020-03-01 17:00:00,ITA,19,Sicilia,38.11569725,13.362356699999998,1,0,1,6,7,5,2,0,0,0,9,5,291,285
2020-03-02 18:00:00,ITA,19,Sicilia,38.11569725,13.362356699999998,2,0,2,3,5,-2,2,0,0,0,7,-2,307,16
2020-03-03 18:00:00,ITA,19,Sicilia,38.11569725,13.362356699999998,2,0,2,3,5,0,2,0,0,0,7,0,307,0
2020-03-04 17:00:00,ITA,19,Sicilia,38.11569725,13.362356699999998,5,0,5,11,16,11,2,0,0,0,18,11,367,60
2020-03-05 17:00:00,ITA,19,Sicilia,38.11569725,13.362356699999998,5,0,5,11,16,0,2,0,0,0,18,0,367,0
2020-03-06 17:00:00,ITA,19,Sicilia,38.11569725,13.362356699999998,7,0,7,15,22,6,2,0,0,0,24,6,367,0
2020-03-07 18:00:00,ITA,19,Sicilia,38.11569725,13.362356699999998,8,0,8,25,33,11,2,0,0,0,35,11,643,276
2020-03-08 18:00:00,ITA,19,Sicilia,38.11569725,13.362356699999998,18,0,18,33,51,18,2,0,0,0,53,18,791,148
2020-03-09 18:00:00,ITA,19,Sicilia,38.11569725,13.362356699999998,19,0,19,33,52,1,2,0,0,0,54,1,836,45
2020-03-10 18:00:00,ITA,19,Sicilia,38.11569725,13.362356699999998,17,2,19,41,60,8,2,0,0,0,62,8,955,119
2020-03-11 17:00:00,ITA,19,Sicilia,38.11569725,13.362356699999998,23,1,24,57,81,21,2,0,0,0,83,21,1194,239
2020-03-12 17:00:00,ITA,19,Sicilia,38.11569725,13.362356699999998,28,5,33,78,111,30,2,0,2,2,115,32,1477,283
2020-03-13 17:00:00,ITA,19,Sicilia,38.11569725,13.362356699999998,37,7,44,82,126,15,2,0,2,0,130,15,1950,473
2020-03-14 17:00:00,ITA,19,Sicilia,38.11569725,13.362356699999998,42,11,53,97,150,24,4,2,2,0,156,26,2100,150
2020-03-15 17:00:00,ITA,19,Sicilia,38.11569725,13.362356699999998,56,15,71,108,179,29,7,3,2,0,188,32,2452,352
2020-03-16 17:00:00,ITA,19,Sicilia,38.11569725,13.362356699999998,75,20,95,108,203,24,8,1,2,0,213,25,2653,201
2020-03-17 17:00:00,ITA,19,Sicilia,38.11569725,13.362356699999998,86,28,114,112,226,23,8,0,3,1,237,24,2916,263
2020-03-18 17:00:00,ITA,19,Sicilia,38.11569725,13.362356699999998,100,29,129,138,267,41,12,4,3,0,282,45,3294,378
2020-03-19 17:00:00,ITA,19,Sicilia,38.11569725,13.362356699999998,143,36,179,142,321,54,15,3,4,1,340,58,3961,667
2020-03-20 17:00:00,ITA,19,Sicilia,38.11569725,13.362356699999998,168,42,210,169,379,58,25,10,4,0,408,68,4468,507
2020-03-21 17:00:00,ITA,19,Sicilia,38.11569725,13.362356699999998,206,48,254,204,458,79,26,1,6,2,490,82,4883,415
2020-03-22 17:00:00,ITA,19,Sicilia,38.11569725,13.362356699999998,220,55,275,321,596,138,26,0,8,2,630,140,5580,697
2020-03-23 17:00:00,ITA,19,Sicilia,38.11569725,13.362356699999998,250,60,310,371,681,85,27,1,13,5,721,91,6375,795
2020-03-24 17:00:00,ITA,19,Sicilia,38.11569725,13.362356699999998,250,60,310,489,799,118,27,0,20,7,846,125,7170,795
2020-02-25 18:00:00,ITA,9,Toscana,43.76923077,11.25588885,2,0,2,0,2,2,0,0,0,0,2,2,296,156
2020-02-26 18:00:00,ITA,9,Toscana,43.76923077,11.25588885,2,0,2,0,2,0,0,0,0,0,2,0,363,67
2020-02-27 18:00:00,ITA,9,Toscana,43.76923077,11.25588885,2,0,2,0,2,0,0,0,0,0,2,0,410,47
2020-02-28 18:00:00,ITA,9,Toscana,43.76923077,11.25588885,5,0,5,2,7,5,1,1,0,0,8,6,437,27
2020-02-29 17:00:00,ITA,9,Toscana,43.76923077,11.25588885,7,0,7,3,10,3,1,0,0,0,11,3,531,94
2020-03-01 17:00:00,ITA,9,Toscana,43.76923077,11.25588885,7,0,7,5,12,2,1,0,0,0,13,2,572,41
2020-03-02 18:00:00,ITA,9,Toscana,43.76923077,11.25588885,7,0,7,5,12,0,1,0,0,0,13,0,613,41
2020-03-03 18:00:00,ITA,9,Toscana,43.76923077,11.25588885,10,0,10,8,18,6,1,0,0,0,19,6,697,84
2020-03-04 17:00:00,ITA,9,Toscana,43.76923077,11.25588885,15,2,17,20,37,19,1,0,0,0,38,19,776,79
2020-03-05 17:00:00,ITA,9,Toscana,43.76923077,11.25588885,26,3,29,31,60,23,1,0,0,0,61,23,776,0
2020-03-06 17:00:00,ITA,9,Toscana,43.76923077,11.25588885,35,5,40,38,78,18,1,0,0,0,79,18,1097,321
2020-03-07 18:00:00,ITA,9,Toscana,43.76923077,11.25588885,54,7,61,51,112,34,1,0,0,0,113,34,1331,234
2020-03-08 18:00:00,ITA,9,Toscana,43.76923077,11.25588885,91,7,98,67,165,53,1,0,0,0,166,53,1618,287
2020-03-09 18:00:00,ITA,9,Toscana,43.76923077,11.25588885,107,9,116,90,206,41,1,0,1,1,208,42,2018,400
2020-03-10 18:00:00,ITA,9,Toscana,43.76923077,11.25588885,91,40,131,129,260,54,3,2,1,0,264,56,2573,555
2020-03-11 17:00:00,ITA,9,Toscana,43.76923077,11.25588885,87,54,141,173,314,54,5,2,1,0,320,56,2804,231
2020-03-12 17:00:00,ITA,9,Toscana,43.76923077,11.25588885,100,59,159,193,352,38,7,2,5,4,364,44,3165,361
2020-03-13 17:00:00,ITA,9,Toscana,43.76923077,11.25588885,134,77,211,244,455,103,10,3,5,0,470,106,4049,884
2020-03-14 17:00:00,ITA,9,Toscana,43.76923077,11.25588885,160,87,247,367,614,159,10,0,6,1,630,160,4595,546
2020-03-15 17:00:00,ITA,9,Toscana,43.76923077,11.25588885,175,107,282,481,763,149,10,0,8,2,781,151,5132,537
2020-03-16 17:00:00,ITA,9,Toscana,43.76923077,11.25588885,175,107,282,559,841,78,11,1,14,6,866,85,5910,778
2020-03-17 17:00:00,ITA,9,Toscana,43.76923077,11.25588885,329,143,472,552,1024,183,12,1,17,3,1053,187,6727,817
2020-03-18 17:00:00,ITA,9,Toscana,43.76923077,11.25588885,427,160,587,704,1291,267,17,5,22,5,1330,277,7606,879
2020-03-19 17:00:00,ITA,9,Toscana,43.76923077,11.25588885,501,178,679,743,1422,131,22,5,38,16,1482,152,8873,1267
2020-03-20 17:00:00,ITA,9,Toscana,43.76923077,11.25588885,601,189,790,923,1713,291,33,11,47,9,1793,311,10405,1532
2020-03-21 17:00:00,ITA,9,Toscana,43.76923077,11.25588885,664,202,866,1039,1905,192,35,2,72,25,2012,219,11909,1504
2020-03-22 17:00:00,ITA,9,Toscana,43.76923077,11.25588885,706,215,921,1223,2144,239,42,7,91,19,2277,265,13264,1355
2020-03-23 17:00:00,ITA,9,Toscana,43.76923077,11.25588885,838,238,1076,1225,2301,157,51,9,109,18,2461,184,13851,587
2020-03-24 17:00:00,ITA,9,Toscana,43.76923077,11.25588885,918,244,1162,1357,2519,218,51,0,129,20,2699,238,15701,1850
2020-02-25 18:00:00,ITA,4,P.A. Trento,46.06893511,11.12123097,0,0,0,0,0,0,0,0,0,0,0,0,3,0
2020-02-26 18:00:00,ITA,4,P.A. Trento,46.06893511,11.12123097,0,0,0,0,0,0,0,0,0,0,0,0,3,0
2020-02-27 18:00:00,ITA,4,P.A. Trento,46.06893511,11.12123097,0,0,0,0,0,0,0,0,0,0,0,0,32,29
2020-02-28 18:00:00,ITA,4,P.A. Trento,46.06893511,11.12123097,0,0,0,0,0,0,0,0,0,0,0,0,32,0
2020-02-29 17:00:00,ITA,4,P.A. Trento,46.06893511,11.12123097,0,0,0,0,0,0,0,0,0,0,0,0,43,11
2020-03-01 17:00:00,ITA,4,P.A. Trento,46.06893511,11.12123097,0,0,0,0,0,0,0,0,0,0,0,0,122,79
2020-03-02 18:00:00,ITA,4,P.A. Trento,46.06893511,11.12123097,0,0,0,0,0,0,0,0,0,0,0,0,122,0
2020-03-03 18:00:00,ITA,4,P.A. Trento,46.06893511,11.12123097,1,0,1,3,4,4,0,0,0,0,4,4,122,0
2020-03-04 17:00:00,ITA,4,P.A. Trento,46.06893511,11.12123097,1,0,1,4,5,1,0,0,0,0,5,1,122,0
2020-03-05 17:00:00,ITA,4,P.A. Trento,46.06893511,11.12123097,2,0,2,5,7,2,0,0,0,0,7,2,122,0
2020-03-06 17:00:00,ITA,4,P.A. Trento,46.06893511,11.12123097,4,0,4,6,10,3,0,0,0,0,10,3,122,0
2020-03-07 18:00:00,ITA,4,P.A. Trento,46.06893511,11.12123097,6,1,7,7,14,4,0,0,0,0,14,4,194,72
2020-03-08 18:00:00,ITA,4,P.A. Trento,46.06893511,11.12123097,7,2,9,14,23,9,0,0,0,0,23,9,228,34
2020-03-09 18:00:00,ITA,4,P.A. Trento,46.06893511,11.12123097,10,2,12,21,33,10,0,0,0,0,33,10,267,39
2020-03-10 18:00:00,ITA,4,P.A. Trento,46.06893511,11.12123097,19,3,22,28,50,17,2,2,0,0,52,19,399,132
2020-03-11 17:00:00,ITA,4,P.A. Trento,46.06893511,11.12123097,28,4,32,42,74,24,3,1,0,0,77,25,527,128
2020-03-12 17:00:00,ITA,4,P.A. Trento,46.06893511,11.12123097,43,5,48,54,102,28,4,1,1,1,107,30,593,66
2020-03-13 17:00:00,ITA,4,P.A. Trento,46.06893511,11.12123097,58,6,64,93,157,55,4,0,2,1,163,56,846,253
2020-03-14 17:00:00,ITA,4,P.A. Trento,46.06893511,11.12123097,68,12,80,119,199,42,5,1,2,0,206,43,1006,160
2020-03-15 17:00:00,ITA,4,P.A. Trento,46.06893511,11.12123097,73,19,92,275,367,168,5,0,6,4,378,172,1006,0
2020-03-16 17:00:00,ITA,4,P.A. Trento,46.06893511,11.12123097,73,19,92,275,367,0,5,0,6,0,378,0,1006,0
2020-03-17 17:00:00,ITA,4,P.A. Trento,46.06893511,11.12123097,107,22,129,239,368,1,10,5,7,1,385,7,1727,721
2020-03-18 17:00:00,ITA,4,P.A. Trento,46.06893511,11.12123097,141,22,163,273,436,68,12,2,7,0,455,70,2187,460
2020-03-19 17:00:00,ITA,4,P.A. Trento,46.06893511,11.12123097,169,30,199,292,491,55,20,8,12,5,523,68,2203,16
2020-03-20 17:00:00,ITA,4,P.A. Trento,46.06893511,11.12123097,198,34,232,368,600,109,29,9,13,1,642,119,2656,453
2020-03-21 17:00:00,ITA,4,P.A. Trento,46.06893511,11.12123097,233,39,272,448,720,120,34,5,28,15,782,140,2656,0
2020-03-22 17:00:00,ITA,4,P.A. Trento,46.06893511,11.12123097,235,46,281,604,885,165,34,0,35,7,954,172,3050,394
2020-03-23 17:00:00,ITA,4,P.A. Trento,46.06893511,11.12123097,249,46,295,619,914,29,68,34,41,6,1023,69,3150,100
2020-03-24 17:00:00,ITA,4,P.A. Trento,46.06893511,11.12123097,308,49,357,618,975,61,79,11,56,15,1110,87,3712,562
2020-02-25 18:00:00,ITA,10,Umbria,43.10675841,12.38824698,0,0,0,0,0,0,0,0,0,0,0,0,8,8
2020-02-26 18:00:00,ITA,10,Umbria,43.10675841,12.38824698,0,0,0,0,0,0,0,0,0,0,0,0,8,0
2020-02-27 18:00:00,ITA,10,Umbria,43.10675841,12.38824698,0,0,0,0,0,0,0,0,0,0,0,0,8,0
2020-02-28 18:00:00,ITA,10,Umbria,43.10675841,12.38824698,0,0,0,0,0,0,0,0,0,0,0,0,8,0
2020-02-29 17:00:00,ITA,10,Umbria,43.10675841,12.38824698,0,0,0,0,0,0,0,0,0,0,0,0,31,23
2020-03-01 17:00:00,ITA,10,Umbria,43.10675841,12.38824698,0,0,0,2,2,2,0,0,0,0,2,2,35,4
2020-03-02 18:00:00,ITA,10,Umbria,43.10675841,12.38824698,0,0,0,2,2,0,0,0,0,0,2,0,35,0
2020-03-03 18:00:00,ITA,10,Umbria,43.10675841,12.38824698,1,1,2,6,8,6,0,0,0,0,8,6,45,10
2020-03-04 17:00:00,ITA,10,Umbria,43.10675841,12.38824698,1,1,2,7,9,1,0,0,0,0,9,1,58,13
2020-03-05 17:00:00,ITA,10,Umbria,43.10675841,12.38824698,1,1,2,7,9,0,0,0,0,0,9,0,88,30
2020-03-06 17:00:00,ITA,10,Umbria,43.10675841,12.38824698,2,2,4,12,16,7,0,0,0,0,16,7,110,22
2020-03-07 18:00:00,ITA,10,Umbria,43.10675841,12.38824698,2,2,4,20,24,8,0,0,0,0,24,8,134,24
2020-03-08 18:00:00,ITA,10,Umbria,43.10675841,12.38824698,2,2,4,22,26,2,0,0,0,0,26,2,168,34
2020-03-09 18:00:00,ITA,10,Umbria,43.10675841,12.38824698,4,2,6,22,28,2,0,0,0,0,28,2,183,15
2020-03-10 18:00:00,ITA,10,Umbria,43.10675841,12.38824698,8,2,10,27,37,9,0,0,0,0,37,9,260,77
2020-03-11 17:00:00,ITA,10,Umbria,43.10675841,12.38824698,7,5,12,32,44,7,2,2,0,0,46,9,340,80
2020-03-12 17:00:00,ITA,10,Umbria,43.10675841,12.38824698,8,8,16,46,62,18,2,0,0,0,64,18,458,118
2020-03-13 17:00:00,ITA,10,Umbria,43.10675841,12.38824698,11,10,21,52,73,11,2,0,1,1,76,12,576,118
2020-03-14 17:00:00,ITA,10,Umbria,43.10675841,12.38824698,21,11,32,71,103,30,3,1,1,0,107,31,748,172
2020-03-15 17:00:00,ITA,10,Umbria,43.10675841,12.38824698,25,13,38,101,139,36,3,0,1,0,143,36,965,217
2020-03-16 17:00:00,ITA,10,Umbria,43.10675841,12.38824698,30,15,45,114,159,20,4,1,1,0,164,21,1093,128
2020-03-17 17:00:00,ITA,10,Umbria,43.10675841,12.38824698,36,21,57,135,192,33,4,0,1,0,197,33,1323,230
2020-03-18 17:00:00,ITA,10,Umbria,43.10675841,12.38824698,54,21,75,166,241,49,4,0,2,1,247,50,1601,278
2020-03-19 17:00:00,ITA,10,Umbria,43.10675841,12.38824698,69,21,90,238,328,87,4,0,2,0,334,87,1954,353
2020-03-20 17:00:00,ITA,10,Umbria,43.10675841,12.38824698,75,24,99,285,384,56,4,0,7,5,395,61,2303,349
2020-03-21 17:00:00,ITA,10,Umbria,43.10675841,12.38824698,92,29,121,326,447,63,5,1,10,3,462,67,2712,409
2020-03-22 17:00:00,ITA,10,Umbria,43.10675841,12.38824698,97,35,132,368,500,53,5,0,16,6,521,59,3135,423
2020-03-23 17:00:00,ITA,10,Umbria,43.10675841,12.38824698,106,42,148,408,556,56,5,0,16,0,577,56,3561,426
2020-03-24 17:00:00,ITA,10,Umbria,43.10675841,12.38824698,105,43,148,476,624,68,5,0,19,3,648,71,4108,547
2020-02-25 18:00:00,ITA,2,Valle d'Aosta,45.73750286,7.320149366,0,0,0,0,0,0,0,0,0,0,0,0,7,0
2020-02-26 18:00:00,ITA,2,Valle d'Aosta,45.73750286,7.320149366,0,0,0,0,0,0,0,0,0,0,0,0,7,0
2020-02-27 18:00:00,ITA,2,Valle d'Aosta,45.73750286,7.320149366,0,0,0,0,0,0,0,0,0,0,0,0,9,2
2020-02-28 18:00:00,ITA,2,Valle d'Aosta,45.73750286,7.320149366,0,0,0,0,0,0,0,0,0,0,0,0,9,0
2020-02-29 17:00:00,ITA,2,Valle d'Aosta,45.73750286,7.320149366,0,0,0,0,0,0,0,0,0,0,0,0,9,0
2020-03-01 17:00:00,ITA,2,Valle d'Aosta,45.73750286,7.320149366,0,0,0,0,0,0,0,0,0,0,0,0,10,1
2020-03-02 18:00:00,ITA,2,Valle d'Aosta,45.73750286,7.320149366,0,0,0,0,0,0,0,0,0,0,0,0,11,1
2020-03-03 18:00:00,ITA,2,Valle d'Aosta,45.73750286,7.320149366,0,0,0,0,0,0,0,0,0,0,0,0,12,1
2020-03-04 17:00:00,ITA,2,Valle d'Aosta,45.73750286,7.320149366,0,0,0,0,0,0,0,0,0,0,0,0,15,3
2020-03-05 17:00:00,ITA,2,Valle d'Aosta,45.73750286,7.320149366,0,0,0,2,2,2,0,0,0,0,2,2,21,6
2020-03-06 17:00:00,ITA,2,Valle d'Aosta,45.73750286,7.320149366,0,0,0,7,7,5,0,0,0,0,7,5,28,7
2020-03-07 18:00:00,ITA,2,Valle d'Aosta,45.73750286,7.320149366,1,0,1,7,8,1,0,0,0,0,8,1,32,4
2020-03-08 18:00:00,ITA,2,Valle d'Aosta,45.73750286,7.320149366,1,0,1,8,9,1,0,0,0,0,9,1,41,9
2020-03-09 18:00:00,ITA,2,Valle d'Aosta,45.73750286,7.320149366,4,0,4,11,15,6,0,0,0,0,15,6,67,26
2020-03-10 18:00:00,ITA,2,Valle d'Aosta,45.73750286,7.320149366,2,0,2,15,17,2,0,0,0,0,17,2,89,22
2020-03-11 17:00:00,ITA,2,Valle d'Aosta,45.73750286,7.320149366,2,0,2,17,19,2,0,0,1,1,20,3,99,10
2020-03-12 17:00:00,ITA,2,Valle d'Aosta,45.73750286,7.320149366,7,0,7,19,26,7,0,0,1,0,27,7,118,19
2020-03-13 17:00:00,ITA,2,Valle d'Aosta,45.73750286,7.320149366,6,0,6,21,27,1,0,0,1,0,28,1,189,71
2020-03-14 17:00:00,ITA,2,Valle d'Aosta,45.73750286,7.320149366,12,0,12,29,41,14,0,0,1,0,42,14,231,42
2020-03-15 17:00:00,ITA,2,Valle d'Aosta,45.73750286,7.320149366,10,3,13,43,56,15,0,0,1,0,57,15,230,-1
2020-03-16 17:00:00,ITA,2,Valle d'Aosta,45.73750286,7.320149366,28,5,33,70,103,47,0,0,2,1,105,48,287,57
2020-03-17 17:00:00,ITA,2,Valle d'Aosta,45.73750286,7.320149366,35,6,41,93,134,31,0,0,2,0,136,31,398,111
2020-03-18 17:00:00,ITA,2,Valle d'Aosta,45.73750286,7.320149366,41,3,44,118,162,28,0,0,3,1,165,29,486,88
2020-03-19 17:00:00,ITA,2,Valle d'Aosta,45.73750286,7.320149366,47,9,56,153,209,47,0,0,6,3,215,50,608,122
2020-03-20 17:00:00,ITA,2,Valle d'Aosta,45.73750286,7.320149366,54,9,63,194,257,48,0,0,7,1,264,49,814,206
2020-03-21 17:00:00,ITA,2,Valle d'Aosta,45.73750286,7.320149366,62,15,77,227,304,47,1,1,8,1,313,49,884,70
2020-03-22 17:00:00,ITA,2,Valle d'Aosta,45.73750286,7.320149366,63,21,84,270,354,50,1,0,9,1,364,51,950,66
2020-03-23 17:00:00,ITA,2,Valle d'Aosta,45.73750286,7.320149366,69,20,89,290,379,25,2,1,12,3,393,29,1098,148
2020-03-24 17:00:00,ITA,2,Valle d'Aosta,45.73750286,7.320149366,71,20,91,288,379,0,2,0,19,7,400,7,1180,82
2020-02-25 18:00:00,ITA,5,Veneto,45.43490485,12.33845213,12,7,19,23,42,10,0,0,1,0,43,10,3780,1580
2020-02-26 18:00:00,ITA,5,Veneto,45.43490485,12.33845213,16,8,24,45,69,27,0,0,2,1,71,28,4900,1120
2020-02-27 18:00:00,ITA,5,Veneto,45.43490485,12.33845213,19,8,27,82,109,40,0,0,2,0,111,40,6164,1264
2020-02-28 18:00:00,ITA,5,Veneto,45.43490485,12.33845213,24,9,33,116,149,40,0,0,2,0,151,40,7414,1250
2020-02-29 17:00:00,ITA,5,Veneto,45.43490485,12.33845213,24,11,35,154,189,40,0,0,2,0,191,40,8659,1245
2020-03-01 17:00:00,ITA,5,Veneto,45.43490485,12.33845213,51,13,64,197,261,72,0,0,2,0,263,72,9056,397
2020-03-02 18:00:00,ITA,5,Veneto,45.43490485,12.33845213,53,14,67,204,271,10,0,0,2,0,273,10,9782,726
2020-03-03 18:00:00,ITA,5,Veneto,45.43490485,12.33845213,49,19,68,229,297,26,7,7,3,1,307,34,10176,394
2020-03-04 17:00:00,ITA,5,Veneto,45.43490485,12.33845213,76,23,99,246,345,48,9,2,6,3,360,53,10515,339
2020-03-05 17:00:00,ITA,5,Veneto,45.43490485,12.33845213,92,24,116,264,380,35,17,8,10,4,407,47,11949,1434
2020-03-06 17:00:00,ITA,5,Veneto,45.43490485,12.33845213,117,27,144,310,454,74,22,5,12,2,488,81,13023,1074
2020-03-07 18:00:00,ITA,5,Veneto,45.43490485,12.33845213,123,41,164,341,505,51,25,3,13,1,543,55,14429,1406
2020-03-08 18:00:00,ITA,5,Veneto,45.43490485,12.33845213,146,47,193,430,623,118,29,4,18,5,670,127,15918,1489
2020-03-09 18:00:00,ITA,5,Veneto,45.43490485,12.33845213,186,51,237,457,694,71,30,1,20,2,744,74,15956,38
2020-03-10 18:00:00,ITA,5,Veneto,45.43490485,12.33845213,204,67,271,512,783,89,47,17,26,6,856,112,16643,687
2020-03-11 17:00:00,ITA,5,Veneto,45.43490485,12.33845213,262,68,330,610,940,157,54,7,29,3,1023,167,21400,4757
2020-03-12 17:00:00,ITA,5,Veneto,45.43490485,12.33845213,360,85,445,852,1297,357,55,1,32,3,1384,361,23438,2038
2020-03-13 17:00:00,ITA,5,Veneto,45.43490485,12.33845213,366,107,473,980,1453,156,100,45,42,10,1595,211,25691,2253
2020-03-14 17:00:00,ITA,5,Veneto,45.43490485,12.33845213,366,119,485,1290,1775,322,107,7,55,13,1937,342,26980,1289
2020-03-15 17:00:00,ITA,5,Veneto,45.43490485,12.33845213,426,129,555,1434,1989,214,120,13,63,8,2172,235,32546,5566
2020-03-16 17:00:00,ITA,5,Veneto,45.43490485,12.33845213,498,156,654,1620,2274,285,130,10,69,6,2473,301,35052,2506
2020-03-17 17:00:00,ITA,5,Veneto,45.43490485,12.33845213,548,171,719,1769,2488,214,136,6,80,11,2704,231,35478,426
2020-03-18 17:00:00,ITA,5,Veneto,45.43490485,12.33845213,646,195,841,2112,2953,465,167,31,94,14,3214,510,40841,5363
2020-03-19 17:00:00,ITA,5,Veneto,45.43490485,12.33845213,771,209,980,2189,3169,216,200,33,115,21,3484,270,44658,3817
2020-03-20 17:00:00,ITA,5,Veneto,45.43490485,12.33845213,843,236,1079,2598,3677,508,223,23,131,16,4031,547,49288,4630
2020-03-21 17:00:00,ITA,5,Veneto,45.43490485,12.33845213,942,249,1191,3023,4214,537,257,34,146,15,4617,586,53642,4354
2020-03-22 17:00:00,ITA,5,Veneto,45.43490485,12.33845213,1113,255,1368,3276,4644,430,309,52,169,23,5122,505,57671,4029
2020-03-23 17:00:00,ITA,5,Veneto,45.43490485,12.33845213,1206,281,1487,3499,4986,342,327,18,192,23,5505,383,61115,3444
2020-03-24 17:00:00,ITA,5,Veneto,45.43490485,12.33845213,1318,304,1622,3729,5351,365,381,54,216,24,5948,443,66178,5063
